timestamp,ltp,volume
2021-05-24 13:59:29,112.5,16655558
2021-05-24 13:59:32,112.5,16655558
2021-05-24 13:59:34,112.55,16667804
2021-05-24 13:59:37,112.55,16675272
2021-05-24 13:59:39,112.55,16675273
2021-05-24 13:59:41,112.5,16675991
2021-05-24 13:59:44,112.5,16676952
2021-05-24 13:59:47,112.55,16681657
2021-05-24 13:59:50,112.45,16691780
2021-05-24 13:59:53,112.45,16691908
2021-05-24 13:59:55,112.55,16692045
2021-05-24 13:59:58,112.55,16692298
2021-05-24 14:00:01,112.55,16693048
2021-05-24 14:00:04,112.5,16693851
2021-05-24 14:00:07,112.5,16694877
2021-05-24 14:00:11,112.5,16701651
2021-05-24 14:00:13,112.5,16701689
2021-05-24 14:00:17,112.5,16701793
2021-05-24 14:00:19,112.55,16709760
2021-05-24 14:00:22,112.55,16709773
2021-05-24 14:00:25,112.45,16709776
2021-05-24 14:00:28,112.65,16899736
2021-05-24 14:00:34,112.45,16966129
2021-05-24 14:00:38,112.5,16966958
2021-05-24 14:00:41,112.5,16967088
2021-05-24 14:00:48,112.5,16968735
2021-05-24 14:00:50,112.45,16977486
2021-05-24 14:00:53,112.35,16977889
2021-05-24 14:00:55,112.35,16977889
2021-05-24 14:00:57,112.4,16977939
2021-05-24 14:00:59,112.4,16977950
2021-05-24 14:01:01,112.35,16978010
2021-05-24 14:01:04,112.35,16978261
2021-05-24 14:01:06,112.3,16980513
2021-05-24 14:01:09,112.35,16980574
2021-05-24 14:01:11,112.35,16980579
2021-05-24 14:01:13,112.3,16980654
2021-05-24 14:01:15,112.35,16980822
2021-05-24 14:01:18,112.35,16986990
2021-05-24 14:01:20,112.35,16987273
2021-05-24 14:01:23,112.35,16992438
2021-05-24 14:01:26,112.35,16992448
2021-05-24 14:01:28,112.3,16992481
2021-05-24 14:01:31,112.3,16994197
2021-05-24 14:01:33,112.3,17065315
2021-05-24 14:01:36,112.3,17067615
2021-05-24 14:01:38,112.3,17067881
2021-05-24 14:01:41,112.3,17068181
2021-05-24 14:01:43,112.2,17073190
2021-05-24 14:01:46,112.3,17073320
2021-05-24 14:01:49,112.2,17073637
2021-05-24 14:01:53,112.25,17077166
2021-05-24 14:01:56,112.25,17078258
2021-05-24 14:01:59,112.3,17085317
2021-05-24 14:02:01,112.35,17093615
2021-05-24 14:02:04,112.4,17113902
2021-05-24 14:02:07,112.4,17114402
2021-05-24 14:02:09,112.4,17114404
2021-05-24 14:02:12,112.45,17114417
2021-05-24 14:02:14,112.45,17114462
2021-05-24 14:02:16,112.4,17114473
2021-05-24 14:02:19,112.4,17117810
2021-05-24 14:02:22,112.4,17118060
2021-05-24 14:02:24,112.4,17118060
2021-05-24 14:02:26,112.4,17118511
2021-05-24 14:02:29,112.4,17118524
2021-05-24 14:02:31,112.4,17118524
2021-05-24 14:02:34,112.35,17118577
2021-05-24 14:02:36,112.35,17118703
2021-05-24 14:02:39,112.4,17118716
2021-05-24 14:02:41,112.4,17118716
2021-05-24 14:02:44,112.4,17118717
2021-05-24 14:02:47,112.4,17118738
2021-05-24 14:02:51,112.4,17119020
2021-05-24 14:02:54,112.35,17119621
2021-05-24 14:02:57,112.4,17120016
2021-05-24 14:03:00,112.4,17120016
2021-05-24 14:03:03,112.4,17120018
2021-05-24 14:03:06,112.35,17120544
2021-05-24 14:03:08,112.4,17120987
2021-05-24 14:03:11,112.4,17120994
2021-05-24 14:03:13,112.4,17121044
2021-05-24 14:03:16,112.4,17121089
2021-05-24 14:03:18,112.35,17121090
2021-05-24 14:03:21,112.35,17121437
2021-05-24 14:03:23,112.4,17121474
2021-05-24 14:03:25,112.4,17121544
2021-05-24 14:03:27,112.35,17121585
2021-05-24 14:03:30,112.35,17121685
2021-05-24 14:03:32,112.4,17121696
2021-05-24 14:03:34,112.4,17121697
2021-05-24 14:03:37,112.4,17121698
2021-05-24 14:03:39,112.4,17121915
2021-05-24 14:03:42,112.4,17121924
2021-05-24 14:03:44,112.4,17122024
2021-05-24 14:03:46,112.4,17122024
2021-05-24 14:03:48,112.4,17122124
2021-05-24 14:03:51,112.35,17122401
2021-05-24 14:03:53,112.35,17122411
2021-05-24 14:03:56,112.4,17122462
2021-05-24 14:03:58,112.4,17122481
2021-05-24 14:04:00,112.4,17122481
2021-05-24 14:04:03,112.4,17122481
2021-05-24 14:04:06,112.35,17123004
2021-05-24 14:04:08,112.4,17123040
2021-05-24 14:04:11,112.4,17123040
2021-05-24 14:04:13,112.4,17123040
2021-05-24 14:04:16,112.4,17123057
2021-05-24 14:04:18,112.35,17123059
2021-05-24 14:04:21,112.35,17123471
2021-05-24 14:04:24,112.35,17123630
2021-05-24 14:04:26,112.4,17123740
2021-05-24 14:04:29,112.35,17123970
2021-05-24 14:04:31,112.35,17125084
2021-05-24 14:04:34,112.4,17125099
2021-05-24 14:04:37,112.25,17160709
2021-05-24 14:04:40,112.3,17164939
2021-05-24 14:04:43,112.3,17164961
2021-05-24 14:04:45,112.3,17165571
2021-05-24 14:04:47,112.3,17165579
2021-05-24 14:04:49,112.25,17165797
2021-05-24 14:04:51,112.25,17165886
2021-05-24 14:04:54,112.25,17165896
2021-05-24 14:05:00,112.25,17166632
2021-05-24 14:05:03,112.2,17166845
2021-05-24 14:05:06,112.25,17168122
2021-05-24 14:05:08,112.2,17168548
2021-05-24 14:05:10,112.25,17168563
2021-05-24 14:05:13,112.25,17168675
2021-05-24 14:05:15,112.25,17168675
2021-05-24 14:05:18,112.25,17168675
2021-05-24 14:05:20,112.25,17169953
2021-05-24 14:05:23,112.25,17169963
2021-05-24 14:05:25,112.25,17170013
2021-05-24 14:05:27,112.2,17170033
2021-05-24 14:05:30,112.25,17170046
2021-05-24 14:05:32,112.25,17170046
2021-05-24 14:05:34,112.25,17170388
2021-05-24 14:05:36,112.25,17170391
2021-05-24 14:05:39,112.2,17170549
2021-05-24 14:05:43,112.2,17171984
2021-05-24 14:05:45,112.25,17171992
2021-05-24 14:05:50,112.25,17172338
2021-05-24 14:05:53,112.2,17172364
2021-05-24 14:05:55,112.25,17172377
2021-05-24 14:05:57,112.25,17172628
2021-05-24 14:06:00,112.2,17172636
2021-05-24 14:06:02,112.2,17172636
2021-05-24 14:06:05,112.25,17172648
2021-05-24 14:06:07,112.25,17173198
2021-05-24 14:06:09,112.2,17173378
2021-05-24 14:06:12,112.2,17173378
2021-05-24 14:06:14,112.25,17173399
2021-05-24 14:06:16,112.25,17197595
2021-05-24 14:06:19,112.2,17198873
2021-05-24 14:06:22,112.25,17199049
2021-05-24 14:06:24,112.25,17199049
2021-05-24 14:06:26,112.25,17199057
2021-05-24 14:06:29,112.2,17393166
2021-05-24 14:06:31,112.2,17393901
2021-05-24 14:06:34,112.2,17394525
2021-05-24 14:06:37,112.2,17394645
2021-05-24 14:06:39,112.15,17394674
2021-05-24 14:06:42,112.2,17395120
2021-05-24 14:06:43,112.2,17395370
2021-05-24 14:06:44,112.2,17395375
2021-05-24 14:06:45,112.2,17395645
2021-05-24 14:06:46,112.25,17395646
2021-05-24 14:06:47,112.2,17396126
2021-05-24 14:06:48,112.2,17396126
2021-05-24 14:06:49,112.25,17396136
2021-05-24 14:06:50,112.25,17396136
2021-05-24 14:06:51,112.2,17400176
2021-05-24 14:06:52,112.25,17400177
2021-05-24 14:06:53,112.25,17400177
2021-05-24 14:06:54,112.2,17400182
2021-05-24 14:06:56,112.2,17400182
2021-05-24 14:06:57,112.2,17400183
2021-05-24 14:06:58,112.2,17400346
2021-05-24 14:06:59,112.25,17400359
2021-05-24 14:07:00,112.25,17400359
2021-05-24 14:07:02,112.25,17400364
2021-05-24 14:07:03,112.25,17400465
2021-05-24 14:07:04,112.25,17400465
2021-05-24 14:07:05,112.2,17400978
2021-05-24 14:07:06,112.25,17401981
2021-05-24 14:07:07,112.25,17401989
2021-05-24 14:07:08,112.25,17402490
2021-05-24 14:07:10,112.25,17402492
2021-05-24 14:07:11,112.25,17402492
2021-05-24 14:07:12,112.25,17402492
2021-05-24 14:07:13,112.25,17402492
2021-05-24 14:07:14,112.2,17402495
2021-05-24 14:07:15,112.2,17402514
2021-05-24 14:07:16,112.2,17402567
2021-05-24 14:07:17,112.2,17403567
2021-05-24 14:07:18,112.2,17403567
2021-05-24 14:07:19,112.2,17403834
2021-05-24 14:07:20,112.2,17403834
2021-05-24 14:07:21,112.2,17403834
2021-05-24 14:07:22,112.2,17404751
2021-05-24 14:07:23,112.25,17405153
2021-05-24 14:07:24,112.25,17405153
2021-05-24 14:07:25,112.25,17405163
2021-05-24 14:07:26,112.25,17405164
2021-05-24 14:07:27,112.25,17405164
2021-05-24 14:07:28,112.25,17405164
2021-05-24 14:07:29,112.2,17405178
2021-05-24 14:07:30,112.25,17405228
2021-05-24 14:07:31,112.2,17405233
2021-05-24 14:07:32,112.2,17405233
2021-05-24 14:07:33,112.2,17405263
2021-05-24 14:07:34,112.2,17405390
2021-05-24 14:07:35,112.2,17405496
2021-05-24 14:07:36,112.2,17405496
2021-05-24 14:07:37,112.25,17405497
2021-05-24 14:07:39,112.25,17405552
2021-05-24 14:07:40,112.25,17405552
2021-05-24 14:07:41,112.25,17405552
2021-05-24 14:07:43,112.25,17405587
2021-05-24 14:07:44,112.2,17406842
2021-05-24 14:07:45,112.2,17406842
2021-05-24 14:07:46,112.2,17411072
2021-05-24 14:07:48,112.2,17411369
2021-05-24 14:07:50,112.15,17411736
2021-05-24 14:07:51,112.2,17411741
2021-05-24 14:07:52,112.2,17411753
2021-05-24 14:07:53,112.15,17415534
2021-05-24 14:07:54,112.15,17415534
2021-05-24 14:07:55,112.15,17415534
2021-05-24 14:07:57,112.15,17415534
2021-05-24 14:07:58,112.15,17415534
2021-05-24 14:07:59,112.15,17415534
2021-05-24 14:08:00,112.15,17415534
2021-05-24 14:08:01,112.2,17415559
2021-05-24 14:08:02,112.2,17416059
2021-05-24 14:08:03,112.15,17416066
2021-05-24 14:08:04,112.15,17416066
2021-05-24 14:08:05,112.15,17416579
2021-05-24 14:08:06,112.15,17416729
2021-05-24 14:08:07,112.2,17416830
2021-05-24 14:08:08,112.2,17416830
2021-05-24 14:08:09,112.15,17417830
2021-05-24 14:08:10,112.2,17418841
2021-05-24 14:08:12,112.15,17419091
2021-05-24 14:08:13,112.15,17419091
2021-05-24 14:08:14,112.15,17419091
2021-05-24 14:08:15,112.15,17422117
2021-05-24 14:08:17,112.2,17424133
2021-05-24 14:08:16,112.15,17424117
2021-05-24 14:08:18,112.2,17424138
2021-05-24 14:08:19,112.15,17424465
2021-05-24 14:08:20,112.15,17428465
2021-05-24 14:08:21,112.2,17428495
2021-05-24 14:08:22,112.2,17428495
2021-05-24 14:08:23,112.2,17428495
2021-05-24 14:08:24,112.2,17428495
2021-05-24 14:08:25,112.2,17430997
2021-05-24 14:08:26,112.15,17431008
2021-05-24 14:08:27,112.15,17431008
2021-05-24 14:08:28,112.2,17431211
2021-05-24 14:08:29,112.2,17431211
2021-05-24 14:08:31,112.2,17431212
2021-05-24 14:08:32,112.2,17431212
2021-05-24 14:08:33,112.2,17431222
2021-05-24 14:08:34,112.2,17431222
2021-05-24 14:08:35,112.2,17431222
2021-05-24 14:08:36,112.2,17431222
2021-05-24 14:08:37,112.2,17431243
2021-05-24 14:08:38,112.2,17431243
2021-05-24 14:08:39,112.2,17431243
2021-05-24 14:08:40,112.15,17431244
2021-05-24 14:08:41,112.2,17445776
2021-05-24 14:08:42,112.15,17445876
2021-05-24 14:08:43,112.15,17445876
2021-05-24 14:08:44,112.2,17445878
2021-05-24 14:08:45,112.2,17445978
2021-05-24 14:08:46,112.2,17445990
2021-05-24 14:08:47,112.2,17445996
2021-05-24 14:08:48,112.2,17445996
2021-05-24 14:08:49,112.15,17446236
2021-05-24 14:08:50,112.15,17446236
2021-05-24 14:08:51,112.15,17446236
2021-05-24 14:08:52,112.2,17446246
2021-05-24 14:08:53,112.2,17446506
2021-05-24 14:08:54,112.15,17446536
2021-05-24 14:08:55,112.2,17446547
2021-05-24 14:08:56,112.2,17446547
2021-05-24 14:08:57,112.2,17446547
2021-05-24 14:08:58,112.2,17446547
2021-05-24 14:08:59,112.2,17446572
2021-05-24 14:09:00,112.2,17446572
2021-05-24 14:09:01,112.2,17446572
2021-05-24 14:09:02,112.2,17449901
2021-05-24 14:09:03,112.2,17450116
2021-05-24 14:09:04,112.25,17450124
2021-05-24 14:09:05,112.25,17450124
2021-05-24 14:09:06,112.25,17450124
2021-05-24 14:09:07,112.25,17450127
2021-05-24 14:09:08,112.25,17450127
2021-05-24 14:09:09,112.25,17450127
2021-05-24 14:09:10,112.25,17450128
2021-05-24 14:09:11,112.25,17450128
2021-05-24 14:09:12,112.25,17450128
2021-05-24 14:09:16,112.25,17450440
2021-05-24 14:09:16,112.25,17450440
2021-05-24 14:09:17,112.25,17450440
2021-05-24 14:09:18,112.25,17450440
2021-05-24 14:09:19,112.2,17450707
2021-05-24 14:09:20,112.25,17450807
2021-05-24 14:09:21,112.2,17455807
2021-05-24 14:09:22,112.25,17455819
2021-05-24 14:09:23,112.2,17455919
2021-05-24 14:09:24,112.2,17455919
2021-05-24 14:09:25,112.2,17455919
2021-05-24 14:09:26,112.2,17455919
2021-05-24 14:09:27,112.25,17456019
2021-05-24 14:09:28,112.25,17456019
2021-05-24 14:09:30,112.25,17457834
2021-05-24 14:09:32,112.25,17489756
2021-05-24 14:09:33,112.35,17489876
2021-05-24 14:09:35,112.4,17500555
2021-05-24 14:09:36,112.3,17501635
2021-05-24 14:09:38,112.3,17501638
2021-05-24 14:09:39,112.4,17501842
2021-05-24 14:09:40,112.4,17501850
2021-05-24 14:09:41,112.4,17501850
2021-05-24 14:09:42,112.35,17501881
2021-05-24 14:09:43,112.35,17501881
2021-05-24 14:09:44,112.4,17501886
2021-05-24 14:09:45,112.45,17527483
2021-05-24 14:09:46,112.45,17527483
2021-05-24 14:09:47,112.45,17527483
2021-05-24 14:09:48,112.45,17527483
2021-05-24 14:09:49,112.45,17533497
2021-05-24 14:09:50,112.5,17533797
2021-05-24 14:09:51,112.45,17533872
2021-05-24 14:09:52,112.5,17541074
2021-05-24 14:09:53,112.5,17541738
2021-05-24 14:09:54,112.5,17541744
2021-05-24 14:09:55,112.5,17541795
2021-05-24 14:09:56,112.55,17541845
2021-05-24 14:09:57,112.5,17541982
2021-05-24 14:09:58,112.55,17541993
2021-05-24 14:09:59,112.55,17542243
2021-05-24 14:10:00,112.55,17542243
2021-05-24 14:10:01,112.55,17542293
2021-05-24 14:10:02,112.55,17547068
2021-05-24 14:10:03,112.55,17547068
2021-05-24 14:10:04,112.55,17548968
2021-05-24 14:10:05,112.5,17548969
2021-05-24 14:10:06,112.5,17548969
2021-05-24 14:10:07,112.55,17548981
2021-05-24 14:10:08,112.6,17557481
2021-05-24 14:10:09,112.5,17558486
2021-05-24 14:10:10,112.55,17558886
2021-05-24 14:10:11,112.65,17576659
2021-05-24 14:10:12,112.6,17578446
2021-05-24 14:10:13,112.6,17578446
2021-05-24 14:10:14,112.6,17578446
2021-05-24 14:10:15,112.6,17578446
2021-05-24 14:10:16,112.7,17579539
2021-05-24 14:10:17,112.7,17579539
2021-05-24 14:10:18,112.7,17579539
2021-05-24 14:10:19,112.7,17579539
2021-05-24 14:10:20,112.6,17579843
2021-05-24 14:10:21,112.7,17589444
2021-05-24 14:10:22,112.65,17589445
2021-05-24 14:10:23,112.7,17589450
2021-05-24 14:10:24,112.7,17589450
2021-05-24 14:10:25,112.7,17592072
2021-05-24 14:10:26,112.7,17594212
2021-05-24 14:10:27,112.7,17594272
2021-05-24 14:10:28,112.7,17615009
2021-05-24 14:10:29,112.7,17615234
2021-05-24 14:10:30,112.75,17617143
2021-05-24 14:10:32,112.75,17617341
2021-05-24 14:10:33,112.75,17617714
2021-05-24 14:10:34,112.75,17625962
2021-05-24 14:10:36,112.7,17627290
2021-05-24 14:10:37,112.9,17643085
2021-05-24 14:10:38,112.8,17645165
2021-05-24 14:10:39,112.9,17663662
2021-05-24 14:10:40,112.85,17663950
2021-05-24 14:10:41,112.85,17663950
2021-05-24 14:10:42,112.85,17663950
2021-05-24 14:10:43,112.9,17663967
2021-05-24 14:10:44,112.8,17664172
2021-05-24 14:10:45,112.9,17664413
2021-05-24 14:10:46,112.9,17664763
2021-05-24 14:10:47,112.95,17672463
2021-05-24 14:10:48,112.9,17673173
2021-05-24 14:10:49,112.9,17682443
2021-05-24 14:10:50,112.9,17682461
2021-05-24 14:10:51,112.95,17690561
2021-05-24 14:10:52,112.9,17691074
2021-05-24 14:10:53,112.9,17691777
2021-05-24 14:10:54,112.85,17692788
2021-05-24 14:10:55,112.85,17692788
2021-05-24 14:10:56,112.85,17692788
2021-05-24 14:10:57,112.9,17693288
2021-05-24 14:10:58,112.8,17693338
2021-05-24 14:10:59,112.9,17693443
2021-05-24 14:11:00,112.9,17693443
2021-05-24 14:11:01,112.85,17695759
2021-05-24 14:11:02,112.9,17695939
2021-05-24 14:11:03,112.9,17696944
2021-05-24 14:11:04,112.9,17696944
2021-05-24 14:11:05,112.85,17697507
2021-05-24 14:11:06,112.95,17723458
2021-05-24 14:11:08,113.05,17881041
2021-05-24 14:11:09,113.05,17906295
2021-05-24 14:11:11,113.0,17906804
2021-05-24 14:11:12,113.0,17907563
2021-05-24 14:11:13,113.2,17948817
2021-05-24 14:11:14,113.2,17961545
2021-05-24 14:11:15,113.1,17963632
2021-05-24 14:11:16,113.15,17972242
2021-05-24 14:11:17,113.1,17972262
2021-05-24 14:11:18,113.15,17974062
2021-05-24 14:11:19,113.15,17976865
2021-05-24 14:11:20,113.15,17976889
2021-05-24 14:11:21,113.1,17977990
2021-05-24 14:11:22,113.15,17978000
2021-05-24 14:11:23,113.15,17979000
2021-05-24 14:11:24,113.1,17979820
2021-05-24 14:11:25,113.1,17979953
2021-05-24 14:11:26,113.05,17980047
2021-05-24 14:11:27,113.15,17980314
2021-05-24 14:11:28,113.1,17981355
2021-05-24 14:11:29,113.0,17982356
2021-05-24 14:11:30,113.1,17982468
2021-05-24 14:11:31,113.1,17982479
2021-05-24 14:11:32,113.1,17982479
2021-05-24 14:11:33,113.1,17983629
2021-05-24 14:11:34,113.1,17983632
2021-05-24 14:11:35,113.0,17983832
2021-05-24 14:11:36,113.0,17983837
2021-05-24 14:11:38,113.0,17986207
2021-05-24 14:11:39,113.0,17986357
2021-05-24 14:11:40,113.0,17987357
2021-05-24 14:11:41,113.0,17987357
2021-05-24 14:11:42,113.05,17987591
2021-05-24 14:11:43,113.05,17988092
2021-05-24 14:11:44,113.05,17988112
2021-05-24 14:11:45,113.0,17990013
2021-05-24 14:11:46,113.05,17990027
2021-05-24 14:11:47,113.05,17990027
2021-05-24 14:11:48,113.05,17990031
2021-05-24 14:11:49,113.0,17990418
2021-05-24 14:11:50,113.0,17990418
2021-05-24 14:11:51,113.0,17991143
2021-05-24 14:11:52,113.05,17991149
2021-05-24 14:11:53,112.9,17992399
2021-05-24 14:11:54,112.9,17993147
2021-05-24 14:11:55,112.9,17994179
2021-05-24 14:11:56,113.0,17994238
2021-05-24 14:11:57,112.9,17994294
2021-05-24 14:11:58,113.0,17994547
2021-05-24 14:12:00,112.9,17994800
2021-05-24 14:12:01,112.9,17994800
2021-05-24 14:12:03,113.05,18010350
2021-05-24 14:12:03,113.05,18010350
2021-05-24 14:12:04,112.95,18010985
2021-05-24 14:12:05,112.95,18011185
2021-05-24 14:12:06,113.0,18012160
2021-05-24 14:12:07,113.0,18012181
2021-05-24 14:12:08,113.0,18036321
2021-05-24 14:12:09,113.0,18043064
2021-05-24 14:12:11,113.0,18044952
2021-05-24 14:12:11,113.0,18044952
2021-05-24 14:12:12,113.0,18044953
2021-05-24 14:12:13,113.05,18045063
2021-05-24 14:12:14,113.05,18045063
2021-05-24 14:12:15,113.0,18045213
2021-05-24 14:12:16,113.0,18045214
2021-05-24 14:12:17,113.0,18046501
2021-05-24 14:12:18,113.0,18046501
2021-05-24 14:12:19,113.0,18046501
2021-05-24 14:12:20,113.05,18053491
2021-05-24 14:12:21,113.0,18053991
2021-05-24 14:12:22,113.05,18054103
2021-05-24 14:12:23,113.0,18054303
2021-05-24 14:12:24,113.0,18054303
2021-05-24 14:12:25,113.05,18054453
2021-05-24 14:12:26,113.0,18054454
2021-05-24 14:12:27,113.05,18055464
2021-05-24 14:12:28,113.0,18056613
2021-05-24 14:12:29,113.0,18056615
2021-05-24 14:12:30,113.05,18056646
2021-05-24 14:12:31,113.05,18056820
2021-05-24 14:12:32,113.0,18056865
2021-05-24 14:12:33,113.0,18056880
2021-05-24 14:12:34,113.0,18056910
2021-05-24 14:12:35,113.0,18057095
2021-05-24 14:12:36,113.0,18057095
2021-05-24 14:12:38,113.15,18101977
2021-05-24 14:12:38,113.0,18058426
2021-05-24 14:12:39,113.05,18110890
2021-05-24 14:12:41,113.05,18119420
2021-05-24 14:12:42,113.05,18119420
2021-05-24 14:12:42,113.05,18119470
2021-05-24 14:12:43,113.1,18119471
2021-05-24 14:12:44,113.1,18119471
2021-05-24 14:12:45,113.1,18119497
2021-05-24 14:12:46,113.05,18120017
2021-05-24 14:12:47,113.05,18120559
2021-05-24 14:12:48,113.1,18120582
2021-05-24 14:12:49,113.1,18120589
2021-05-24 14:12:51,113.05,18120790
2021-05-24 14:12:51,113.05,18121365
2021-05-24 14:12:53,113.1,18121615
2021-05-24 14:12:54,113.1,18121615
2021-05-24 14:12:55,113.1,18121615
2021-05-24 14:12:56,113.1,18124615
2021-05-24 14:12:57,113.2,18145597
2021-05-24 14:12:59,113.1,18147704
2021-05-24 14:13:00,113.2,18150293
2021-05-24 14:13:00,113.1,18150895
2021-05-24 14:13:01,113.1,18150895
2021-05-24 14:13:02,113.1,18163595
2021-05-24 14:13:03,113.2,18163800
2021-05-24 14:13:04,113.15,18163830
2021-05-24 14:13:05,113.1,18164217
2021-05-24 14:13:06,113.1,18164278
2021-05-24 14:13:07,113.15,18164309
2021-05-24 14:13:08,113.1,18164509
2021-05-24 14:13:09,113.1,18164545
2021-05-24 14:13:10,113.15,18164679
2021-05-24 14:13:11,113.15,18164683
2021-05-24 14:13:12,113.15,18166256
2021-05-24 14:13:13,113.2,18166264
2021-05-24 14:13:14,113.15,18167164
2021-05-24 14:13:16,113.2,18167292
2021-05-24 14:13:17,113.2,18172603
2021-05-24 14:13:17,113.2,18172603
2021-05-24 14:13:19,113.15,18173014
2021-05-24 14:13:20,113.2,18181814
2021-05-24 14:13:21,113.15,18187714
2021-05-24 14:13:22,113.15,18187714
2021-05-24 14:13:22,113.15,18187718
2021-05-24 14:13:23,113.2,18188002
2021-05-24 14:13:25,113.2,18195825
2021-05-24 14:13:25,113.2,18197684
2021-05-24 14:13:26,113.2,18200271
2021-05-24 14:13:27,113.2,18200371
2021-05-24 14:13:28,113.25,18201026
2021-05-24 14:13:29,113.2,18201030
2021-05-24 14:13:30,113.3,18234439
2021-05-24 14:13:32,113.35,18242236
2021-05-24 14:13:33,113.25,18244443
2021-05-24 14:13:33,113.25,18244443
2021-05-24 14:13:34,113.3,18244459
2021-05-24 14:13:35,113.3,18245260
2021-05-24 14:13:36,113.25,18245274
2021-05-24 14:13:37,113.3,18245276
2021-05-24 14:13:38,113.25,18245676
2021-05-24 14:13:39,113.25,18246176
2021-05-24 14:13:40,113.35,18256994
2021-05-24 14:13:41,113.3,18259473
2021-05-24 14:13:42,113.35,18259873
2021-05-24 14:13:43,113.3,18262743
2021-05-24 14:13:44,113.3,18265262
2021-05-24 14:13:45,113.3,18265562
2021-05-24 14:13:46,113.35,18265990
2021-05-24 14:13:47,113.3,18265995
2021-05-24 14:13:49,113.3,18266245
2021-05-24 14:13:50,113.4,18462410
2021-05-24 14:13:51,113.45,18463311
2021-05-24 14:13:52,113.4,18463415
2021-05-24 14:13:53,113.4,18464415
2021-05-24 14:13:54,113.35,18464445
2021-05-24 14:13:55,113.35,18477206
2021-05-24 14:13:56,113.4,18486799
2021-05-24 14:13:57,113.35,18486841
2021-05-24 14:13:58,113.35,18490413
2021-05-24 14:13:59,113.35,18492982
2021-05-24 14:13:59,113.35,18490764
2021-05-24 14:14:01,113.4,18500487
2021-05-24 14:14:02,113.3,18500759
2021-05-24 14:14:04,113.3,18500759
2021-05-24 14:14:04,113.4,18502762
2021-05-24 14:14:05,113.35,18502862
2021-05-24 14:14:06,113.3,18508400
2021-05-24 14:14:07,113.35,18511952
2021-05-24 14:14:09,113.35,18511952
2021-05-24 14:14:10,113.35,18514230
2021-05-24 14:14:12,113.35,18519730
2021-05-24 14:14:11,113.35,18514730
2021-05-24 14:14:13,113.35,18520130
2021-05-24 14:14:14,113.3,18520131
2021-05-24 14:14:15,113.35,18520517
2021-05-24 14:14:16,113.3,18520590
2021-05-24 14:14:18,113.3,18522240
2021-05-24 14:14:19,113.35,18522903
2021-05-24 14:14:19,113.3,18522403
2021-05-24 14:14:20,113.35,18522923
2021-05-24 14:14:21,113.35,18523403
2021-05-24 14:14:22,113.35,18533053
2021-05-24 14:14:23,113.3,18534053
2021-05-24 14:14:24,113.25,18534078
2021-05-24 14:14:25,113.3,18534128
2021-05-24 14:14:27,113.3,18534128
2021-05-24 14:14:27,113.3,18534128
2021-05-24 14:14:29,113.3,18534603
2021-05-24 14:14:30,113.25,18536407
2021-05-24 14:14:31,113.25,18536417
2021-05-24 14:14:32,113.25,18536417
2021-05-24 14:14:33,113.25,18536492
2021-05-24 14:14:34,113.25,18536512
2021-05-24 14:14:35,113.3,18536889
2021-05-24 14:14:37,113.3,18541726
2021-05-24 14:14:36,113.3,18537429
2021-05-24 14:14:38,113.3,18549669
2021-05-24 14:14:38,113.3,18549669
2021-05-24 14:14:39,113.35,18552649
2021-05-24 14:14:40,113.3,18552651
2021-05-24 14:14:41,113.3,18552658
2021-05-24 14:14:42,113.25,18552858
2021-05-24 14:14:44,113.2,18571478
2021-05-24 14:14:45,113.25,18571495
2021-05-24 14:14:45,113.25,18571495
2021-05-24 14:14:46,113.25,18575319
2021-05-24 14:14:48,113.25,18575519
2021-05-24 14:14:48,113.15,18576219
2021-05-24 14:14:49,113.2,18576220
2021-05-24 14:14:51,113.2,18576526
2021-05-24 14:14:52,113.2,18576526
2021-05-24 14:14:53,113.25,18576646
2021-05-24 14:14:54,113.2,18576934
2021-05-24 14:14:55,113.2,18576944
2021-05-24 14:14:56,113.2,18576944
2021-05-24 14:14:57,113.25,18578781
2021-05-24 14:14:58,113.25,18605766
2021-05-24 14:14:59,113.3,18605815
2021-05-24 14:15:00,113.25,18606266
2021-05-24 14:15:01,113.25,18606266
2021-05-24 14:15:02,113.25,18606559
2021-05-24 14:15:03,113.3,18611080
2021-05-24 14:15:04,113.35,18611093
2021-05-24 14:15:04,113.3,18611451
2021-05-24 14:15:05,113.3,18611452
2021-05-24 14:15:08,113.3,18611737
2021-05-24 14:15:09,113.3,18611787
2021-05-24 14:15:10,113.35,18611796
2021-05-24 14:15:11,113.35,18611796
2021-05-24 14:15:12,113.35,18612826
2021-05-24 14:15:13,113.35,18613337
2021-05-24 14:15:14,113.35,18613390
2021-05-24 14:15:14,113.3,18613449
2021-05-24 14:15:15,113.35,18621249
2021-05-24 14:15:16,113.35,18621449
2021-05-24 14:15:17,113.35,18626009
2021-05-24 14:15:18,113.4,18626765
2021-05-24 14:15:19,113.35,18626770
2021-05-24 14:15:20,113.35,18626875
2021-05-24 14:15:22,113.4,18627411
2021-05-24 14:15:23,113.35,18627511
2021-05-24 14:15:24,113.35,18627521
2021-05-24 14:15:25,113.35,18628191
2021-05-24 14:15:26,113.35,18630092
2021-05-24 14:15:27,113.35,18630092
2021-05-24 14:15:28,113.35,18630196
2021-05-24 14:15:28,113.4,18630232
2021-05-24 14:15:29,113.45,18637987
2021-05-24 14:15:31,113.4,18638244
2021-05-24 14:15:32,113.35,18638246
2021-05-24 14:15:33,113.35,18638246
2021-05-24 14:15:34,113.35,18638246
2021-05-24 14:15:34,113.35,18638246
2021-05-24 14:15:35,113.35,18646136
2021-05-24 14:15:38,113.4,18650787
2021-05-24 14:15:39,113.45,18677286
2021-05-24 14:15:40,113.45,18677302
2021-05-24 14:15:40,113.5,18692702
2021-05-24 14:15:42,113.45,18703052
2021-05-24 14:15:43,113.5,18703055
2021-05-24 14:15:44,113.45,18703368
2021-05-24 14:15:44,113.45,18706434
2021-05-24 14:15:46,113.5,18708456
2021-05-24 14:15:47,113.45,18708507
2021-05-24 14:15:48,113.45,18709708
2021-05-24 14:15:48,113.5,18709711
2021-05-24 14:15:49,113.5,18709729
2021-05-24 14:15:51,113.45,18745429
2021-05-24 14:15:52,113.45,18746829
2021-05-24 14:15:53,113.45,18748332
2021-05-24 14:15:55,113.45,18748348
2021-05-24 14:15:56,113.45,18748598
2021-05-24 14:15:56,113.45,18749249
2021-05-24 14:15:57,113.45,18749462
2021-05-24 14:15:59,113.5,18754626
2021-05-24 14:15:59,113.45,18754627
2021-05-24 14:16:00,113.45,18754634
2021-05-24 14:16:01,113.45,18754634
2021-05-24 14:16:02,113.45,18755751
2021-05-24 14:16:03,113.5,18759603
2021-05-24 14:16:04,113.5,18770133
2021-05-24 14:16:05,113.45,18770240
2021-05-24 14:16:06,113.45,18771501
2021-05-24 14:16:08,113.4,18772337
2021-05-24 14:16:08,113.4,18772440
2021-05-24 14:16:09,113.4,18772440
2021-05-24 14:16:10,113.4,18772849
2021-05-24 14:16:11,113.4,18773149
2021-05-24 14:16:12,113.4,18774048
2021-05-24 14:16:14,113.4,18775098
2021-05-24 14:16:15,113.4,18775153
2021-05-24 14:16:16,113.4,18775273
2021-05-24 14:16:17,113.45,18775758
2021-05-24 14:16:18,113.4,18776667
2021-05-24 14:16:19,113.4,18776944
2021-05-24 14:16:21,113.4,18776944
2021-05-24 14:16:20,113.4,18776944
2021-05-24 14:16:21,113.4,18777445
2021-05-24 14:16:22,113.45,18777765
2021-05-24 14:16:24,113.4,18778869
2021-05-24 14:16:25,113.45,18784066
2021-05-24 14:16:26,113.45,18786513
2021-05-24 14:16:27,113.45,18786913
2021-05-24 14:16:28,113.45,18786964
2021-05-24 14:16:29,113.4,18787066
2021-05-24 14:16:30,113.4,18787066
2021-05-24 14:16:31,113.45,18787266
2021-05-24 14:16:32,113.45,18787321
2021-05-24 14:16:33,113.45,18787321
2021-05-24 14:16:34,113.45,18787333
2021-05-24 14:16:35,113.45,18787343
2021-05-24 14:16:36,113.45,18787481
2021-05-24 14:16:37,113.45,18789674
2021-05-24 14:16:38,113.4,18789875
2021-05-24 14:16:39,113.4,18790235
2021-05-24 14:16:39,113.4,18790235
2021-05-24 14:16:41,113.4,18794735
2021-05-24 14:16:42,113.4,18794735
2021-05-24 14:16:43,113.4,18795005
2021-05-24 14:16:44,113.5,18795205
2021-05-24 14:16:45,113.5,18795205
2021-05-24 14:16:46,113.4,18797117
2021-05-24 14:16:46,113.45,18797653
2021-05-24 14:16:47,113.45,18797653
2021-05-24 14:16:48,113.4,18797753
2021-05-24 14:16:49,113.4,18801753
2021-05-24 14:16:50,113.4,18802124
2021-05-24 14:16:51,113.45,18809847
2021-05-24 14:16:52,113.4,18809853
2021-05-24 14:16:54,113.45,18809864
2021-05-24 14:16:55,113.45,18809864
2021-05-24 14:16:55,113.45,18809864
2021-05-24 14:16:57,113.5,18810258
2021-05-24 14:16:58,113.5,18810264
2021-05-24 14:16:59,113.45,18810305
2021-05-24 14:17:00,113.45,18810305
2021-05-24 14:17:01,113.5,18810316
2021-05-24 14:17:02,113.45,18812697
2021-05-24 14:17:03,113.45,18822180
2021-05-24 14:17:04,113.45,18822380
2021-05-24 14:17:05,113.5,18823188
2021-05-24 14:17:06,113.4,18824188
2021-05-24 14:17:08,113.45,18825790
2021-05-24 14:17:09,113.5,18826692
2021-05-24 14:17:10,113.5,18826730
2021-05-24 14:17:11,113.45,18826864
2021-05-24 14:17:12,113.5,18827407
2021-05-24 14:17:13,113.45,18827424
2021-05-24 14:17:14,113.5,18827434
2021-05-24 14:17:15,113.4,18827439
2021-05-24 14:17:16,113.5,18827990
2021-05-24 14:17:17,113.5,18828990
2021-05-24 14:17:18,113.5,18828990
2021-05-24 14:17:19,113.4,18829430
2021-05-24 14:17:20,113.45,18829680
2021-05-24 14:17:21,113.45,18829831
2021-05-24 14:17:22,113.45,18833081
2021-05-24 14:17:23,113.45,18833081
2021-05-24 14:17:24,113.4,18833110
2021-05-24 14:17:25,113.45,18833220
2021-05-24 14:17:26,113.45,18833245
2021-05-24 14:17:27,113.4,18835029
2021-05-24 14:17:28,113.4,18835221
2021-05-24 14:17:29,113.45,18836591
2021-05-24 14:17:30,113.45,18836591
2021-05-24 14:17:31,113.45,18836592
2021-05-24 14:17:32,113.4,18840703
2021-05-24 14:17:33,113.45,18847478
2021-05-24 14:17:34,113.45,18848480
2021-05-24 14:17:36,113.45,18848487
2021-05-24 14:17:35,113.45,18848487
2021-05-24 14:17:37,113.5,18848497
2021-05-24 14:17:38,113.5,18848498
2021-05-24 14:17:39,113.45,18848678
2021-05-24 14:17:40,113.5,18856698
2021-05-24 14:17:41,113.4,18856738
2021-05-24 14:17:42,113.4,18856738
2021-05-24 14:17:43,113.4,18856738
2021-05-24 14:17:44,113.4,18857018
2021-05-24 14:17:45,113.5,18857205
2021-05-24 14:17:47,113.5,18859428
2021-05-24 14:17:48,113.4,18860476
2021-05-24 14:17:49,113.4,18860803
2021-05-24 14:17:50,113.5,18860917
2021-05-24 14:17:51,113.4,18861717
2021-05-24 14:17:52,113.4,18861731
2021-05-24 14:17:53,113.4,18861732
2021-05-24 14:17:54,113.45,18862212
2021-05-24 14:17:55,113.4,18862235
2021-05-24 14:17:56,113.4,18862585
2021-05-24 14:17:57,113.4,18862699
2021-05-24 14:17:58,113.4,18862699
2021-05-24 14:17:59,113.45,18862709
2021-05-24 14:18:00,113.4,18863274
2021-05-24 14:18:01,113.45,18863295
2021-05-24 14:18:02,113.4,18863305
2021-05-24 14:18:03,113.4,18863305
2021-05-24 14:18:04,113.45,18864209
2021-05-24 14:18:05,113.4,18864722
2021-05-24 14:18:06,113.4,18864722
2021-05-24 14:18:07,113.45,18864723
2021-05-24 14:18:08,113.45,18864723
2021-05-24 14:18:09,113.45,18865573
2021-05-24 14:18:10,113.4,18866353
2021-05-24 14:18:11,113.4,18866553
2021-05-24 14:18:12,113.4,18866553
2021-05-24 14:18:13,113.4,18866564
2021-05-24 14:18:14,113.45,18866616
2021-05-24 14:18:15,113.45,18866617
2021-05-24 14:18:16,113.4,18866667
2021-05-24 14:18:17,113.45,18866717
2021-05-24 14:18:18,113.45,18866717
2021-05-24 14:18:19,113.4,18867012
2021-05-24 14:18:20,113.4,18867113
2021-05-24 14:18:21,113.45,18867313
2021-05-24 14:18:22,113.45,18867425
2021-05-24 14:18:23,113.45,18868625
2021-05-24 14:18:24,113.45,18871766
2021-05-24 14:18:26,113.45,18871969
2021-05-24 14:18:27,113.4,18872225
2021-05-24 14:18:28,113.4,18872225
2021-05-24 14:18:29,113.35,18880164
2021-05-24 14:18:30,113.35,18880352
2021-05-24 14:18:31,113.45,18880432
2021-05-24 14:18:32,113.45,18880547
2021-05-24 14:18:33,113.35,18880552
2021-05-24 14:18:34,113.35,18880778
2021-05-24 14:18:35,113.4,18881083
2021-05-24 14:18:36,113.45,18883083
2021-05-24 14:18:37,113.4,18883105
2021-05-24 14:18:38,113.4,18889147
2021-05-24 14:18:39,113.4,18889177
2021-05-24 14:18:40,113.35,18891195
2021-05-24 14:18:41,113.35,18891195
2021-05-24 14:18:42,113.35,18891195
2021-05-24 14:18:43,113.35,18891302
2021-05-24 14:18:44,113.35,18891302
2021-05-24 14:18:45,113.45,18913136
2021-05-24 14:18:46,113.45,18929080
2021-05-24 14:18:47,113.5,18929096
2021-05-24 14:18:48,113.5,18936896
2021-05-24 14:18:49,113.55,18939106
2021-05-24 14:18:50,113.55,18939136
2021-05-24 14:18:51,113.5,18939146
2021-05-24 14:18:52,113.7,19115201
2021-05-24 14:18:53,113.65,19128097
2021-05-24 14:18:54,113.65,19131319
2021-05-24 14:18:55,113.7,19131320
2021-05-24 14:18:56,113.7,19131320
2021-05-24 14:18:57,113.6,19133054
2021-05-24 14:18:58,113.6,19136791
2021-05-24 14:18:59,113.65,19139436
2021-05-24 14:19:00,113.65,19139436
2021-05-24 14:19:01,113.55,19140319
2021-05-24 14:19:02,113.6,19146464
2021-05-24 14:19:03,113.6,19146474
2021-05-24 14:19:04,113.6,19148342
2021-05-24 14:19:05,113.55,19148842
2021-05-24 14:19:06,113.6,19148892
2021-05-24 14:19:07,113.65,19148904
2021-05-24 14:19:08,113.55,19167435
2021-05-24 14:19:09,113.6,19167485
2021-05-24 14:19:10,113.6,19168965
2021-05-24 14:19:11,113.55,19169168
2021-05-24 14:19:13,113.6,19169350
2021-05-24 14:19:13,113.6,19169350
2021-05-24 14:19:14,113.6,19169350
2021-05-24 14:19:15,113.5,19169460
2021-05-24 14:19:16,113.6,19170098
2021-05-24 14:19:17,113.55,19170218
2021-05-24 14:19:18,113.6,19170664
2021-05-24 14:19:19,113.6,19171232
2021-05-24 14:19:20,113.6,19171753
2021-05-24 14:19:21,113.5,19172785
2021-05-24 14:19:22,113.6,19173290
2021-05-24 14:19:23,113.5,19173330
2021-05-24 14:19:24,113.5,19175980
2021-05-24 14:19:25,113.5,19176475
2021-05-24 14:19:26,113.5,19176545
2021-05-24 14:19:27,113.55,19177336
2021-05-24 14:19:29,113.55,19178486
2021-05-24 14:19:28,113.6,19177986
2021-05-24 14:19:30,113.55,19179232
2021-05-24 14:19:31,113.5,19179249
2021-05-24 14:19:32,113.5,19179249
2021-05-24 14:19:33,113.5,19179249
2021-05-24 14:19:34,113.55,19179260
2021-05-24 14:19:35,113.6,19196631
2021-05-24 14:19:36,113.6,19197353
2021-05-24 14:19:37,113.65,19197354
2021-05-24 14:19:38,113.6,19197404
2021-05-24 14:19:39,113.65,19197497
2021-05-24 14:19:40,113.6,19197997
2021-05-24 14:19:41,113.6,19197997
2021-05-24 14:19:42,113.65,19199826
2021-05-24 14:19:43,113.65,19200028
2021-05-24 14:19:44,113.55,19200178
2021-05-24 14:19:46,113.55,19200197
2021-05-24 14:19:47,113.65,19200203
2021-05-24 14:19:48,113.6,19200220
2021-05-24 14:19:49,113.65,19200295
2021-05-24 14:19:50,113.65,19202301
2021-05-24 14:19:51,113.6,19202401
2021-05-24 14:19:52,113.65,19202914
2021-05-24 14:19:53,113.6,19203937
2021-05-24 14:19:54,113.65,19204698
2021-05-24 14:19:55,113.7,19204798
2021-05-24 14:19:56,113.7,19212541
2021-05-24 14:19:57,113.65,19213001
2021-05-24 14:19:58,113.6,19213006
2021-05-24 14:19:59,113.65,19213506
2021-05-24 14:20:01,113.65,19214617
2021-05-24 14:20:00,113.65,19214610
2021-05-24 14:20:02,113.65,19214617
2021-05-24 14:20:03,113.65,19214817
2021-05-24 14:20:04,113.65,19214919
2021-05-24 14:20:05,113.65,19215916
2021-05-24 14:20:06,113.6,19232300
2021-05-24 14:20:07,113.6,19246201
2021-05-24 14:20:08,113.55,19246213
2021-05-24 14:20:10,113.6,19246225
2021-05-24 14:20:10,113.6,19254260
2021-05-24 14:20:11,113.6,19254260
2021-05-24 14:20:12,113.5,19255550
2021-05-24 14:20:13,113.5,19255650
2021-05-24 14:20:14,113.5,19255817
2021-05-24 14:20:15,113.45,19268190
2021-05-24 14:20:16,113.45,19268190
2021-05-24 14:20:17,113.45,19268190
2021-05-24 14:20:18,113.55,19275890
2021-05-24 14:20:19,113.55,19276900
2021-05-24 14:20:20,113.5,19292800
2021-05-24 14:20:21,113.55,19293110
2021-05-24 14:20:22,113.5,19293619
2021-05-24 14:20:23,113.5,19293649
2021-05-24 14:20:24,113.5,19293649
2021-05-24 14:20:25,113.55,19293899
2021-05-24 14:20:26,113.5,19294299
2021-05-24 14:20:27,113.5,19294299
2021-05-24 14:20:28,113.55,19294311
2021-05-24 14:20:29,113.5,19294412
2021-05-24 14:20:30,113.5,19294797
2021-05-24 14:20:31,113.55,19295092
2021-05-24 14:20:32,113.5,19302292
2021-05-24 14:20:33,113.5,19302292
2021-05-24 14:20:34,113.5,19302592
2021-05-24 14:20:35,113.5,19304025
2021-05-24 14:20:36,113.5,19304025
2021-05-24 14:20:37,113.55,19304057
2021-05-24 14:20:38,113.5,19305454
2021-05-24 14:20:39,113.65,19340043
2021-05-24 14:20:40,113.6,19358296
2021-05-24 14:20:41,113.55,19358323
2021-05-24 14:20:42,113.55,19358507
2021-05-24 14:20:43,113.6,19358607
2021-05-24 14:20:44,113.55,19358668
2021-05-24 14:20:45,113.55,19358668
2021-05-24 14:20:46,113.6,19358679
2021-05-24 14:20:47,113.55,19359583
2021-05-24 14:20:48,113.6,19359631
2021-05-24 14:20:49,113.6,19359732
2021-05-24 14:20:50,113.55,19359733
2021-05-24 14:20:51,113.6,19359933
2021-05-24 14:20:52,113.55,19361043
2021-05-24 14:20:53,113.55,19361043
2021-05-24 14:20:54,113.55,19361094
2021-05-24 14:20:55,113.6,19368806
2021-05-24 14:20:56,113.6,19372320
2021-05-24 14:20:57,113.65,19374525
2021-05-24 14:20:58,113.65,19374525
2021-05-24 14:20:59,113.65,19374525
2021-05-24 14:21:00,113.7,19376739
2021-05-24 14:21:01,113.7,19376739
2021-05-24 14:21:02,113.7,19376774
2021-05-24 14:21:03,113.65,19380774
2021-05-24 14:21:04,113.7,19382289
2021-05-24 14:21:05,113.7,19382289
2021-05-24 14:21:06,113.7,19384564
2021-05-24 14:21:08,113.75,19389268
2021-05-24 14:21:09,113.75,19389268
2021-05-24 14:21:10,113.65,19389468
2021-05-24 14:21:11,113.65,19390471
2021-05-24 14:21:12,113.65,19391146
2021-05-24 14:21:13,113.65,19391156
2021-05-24 14:21:14,113.7,19394456
2021-05-24 14:21:15,113.65,19394656
2021-05-24 14:21:16,113.6,19399140
2021-05-24 14:21:17,113.6,19399140
2021-05-24 14:21:18,113.7,19399150
2021-05-24 14:21:19,113.7,19399183
2021-05-24 14:21:21,113.6,19399573
2021-05-24 14:21:21,113.7,19399798
2021-05-24 14:21:22,113.7,19399820
2021-05-24 14:21:24,113.7,19407645
2021-05-24 14:21:24,113.7,19423282
2021-05-24 14:21:25,113.7,19427863
2021-05-24 14:21:26,113.7,19427863
2021-05-24 14:21:27,113.7,19427888
2021-05-24 14:21:28,113.75,19459623
2021-05-24 14:21:29,113.75,19462799
2021-05-24 14:21:30,113.75,19462913
2021-05-24 14:21:31,113.8,19467301
2021-05-24 14:21:33,113.85,19470771
2021-05-24 14:21:34,113.75,19470910
2021-05-24 14:21:35,113.8,19472160
2021-05-24 14:21:35,113.85,19472259
2021-05-24 14:21:37,113.85,19474013
2021-05-24 14:21:38,113.8,19474100
2021-05-24 14:21:39,113.8,19476199
2021-05-24 14:21:40,113.8,19476412
2021-05-24 14:21:41,113.8,19487095
2021-05-24 14:21:42,113.85,19487145
2021-05-24 14:21:43,113.85,19502086
2021-05-24 14:21:44,113.85,19502239
2021-05-24 14:21:45,113.8,19504939
2021-05-24 14:21:46,113.85,19506989
2021-05-24 14:21:47,113.8,19508425
2021-05-24 14:21:48,113.8,19508535
2021-05-24 14:21:49,113.75,19508800
2021-05-24 14:21:50,113.8,19509304
2021-05-24 14:21:52,113.75,19511549
2021-05-24 14:21:51,113.8,19509804
2021-05-24 14:21:53,113.8,19513608
2021-05-24 14:21:54,113.8,19513698
2021-05-24 14:21:56,113.7,19514248
2021-05-24 14:21:57,113.7,19514278
2021-05-24 14:21:57,113.7,19514278
2021-05-24 14:21:58,113.75,19517479
2021-05-24 14:21:59,113.75,19517904
2021-05-24 14:22:00,113.75,19518467
2021-05-24 14:22:01,113.75,19523471
2021-05-24 14:22:03,113.75,19528577
2021-05-24 14:22:04,113.8,19529578
2021-05-24 14:22:04,113.8,19529578
2021-05-24 14:22:05,113.75,19532435
2021-05-24 14:22:06,113.8,19532441
2021-05-24 14:22:08,113.8,19540613
2021-05-24 14:22:09,113.75,19541315
2021-05-24 14:22:10,113.75,19541315
2021-05-24 14:22:10,113.75,19541354
2021-05-24 14:22:11,113.8,19541504
2021-05-24 14:22:12,113.75,19541534
2021-05-24 14:22:13,113.75,19543372
2021-05-24 14:22:15,113.8,19543561
2021-05-24 14:22:14,113.75,19543477
2021-05-24 14:22:17,113.75,19545504
2021-05-24 14:22:18,113.85,19554347
2021-05-24 14:22:19,113.8,19554548
2021-05-24 14:22:19,113.8,19554548
2021-05-24 14:22:20,113.8,19564327
2021-05-24 14:22:21,113.8,19564327
2021-05-24 14:22:22,113.8,19564327
2021-05-24 14:22:24,113.8,19565655
2021-05-24 14:22:25,113.85,19571037
2021-05-24 14:22:28,113.85,19580385
2021-05-24 14:22:29,113.85,19580490
2021-05-24 14:22:30,113.9,19580713
2021-05-24 14:22:32,113.85,19581223
2021-05-24 14:22:32,113.85,19580773
2021-05-24 14:22:33,113.85,19590178
2021-05-24 14:22:35,113.85,19590692
2021-05-24 14:22:36,113.9,19598457
2021-05-24 14:22:37,113.9,19598857
2021-05-24 14:22:37,113.9,19598933
2021-05-24 14:22:38,113.85,19599846
2021-05-24 14:22:39,113.9,19599996
2021-05-24 14:22:41,113.85,19601121
2021-05-24 14:22:42,113.9,19601736
2021-05-24 14:22:43,113.9,19601946
2021-05-24 14:22:44,113.9,19608047
2021-05-24 14:22:44,113.9,19608047
2021-05-24 14:22:45,113.9,19608225
2021-05-24 14:22:46,113.85,19634255
2021-05-24 14:22:48,113.85,19635369
2021-05-24 14:22:49,113.85,19636298
2021-05-24 14:22:50,113.9,19636348
2021-05-24 14:22:50,113.85,19637198
2021-05-24 14:22:51,113.85,19641069
2021-05-24 14:22:52,113.85,19644482
2021-05-24 14:22:53,113.85,19645017
2021-05-24 14:22:54,113.8,19645377
2021-05-24 14:22:55,113.8,19646627
2021-05-24 14:22:56,113.85,19646652
2021-05-24 14:22:57,113.9,19654452
2021-05-24 14:22:58,113.8,19656720
2021-05-24 14:22:59,113.85,19656937
2021-05-24 14:23:00,113.85,19656942
2021-05-24 14:23:01,113.85,19657472
2021-05-24 14:23:02,113.85,19657472
2021-05-24 14:23:03,113.85,19671416
2021-05-24 14:23:04,113.85,19675182
2021-05-24 14:23:05,113.85,19675382
2021-05-24 14:23:06,113.9,19676515
2021-05-24 14:23:07,113.9,19676816
2021-05-24 14:23:08,113.9,19678316
2021-05-24 14:23:09,113.9,19678789
2021-05-24 14:23:10,113.95,19699064
2021-05-24 14:23:12,113.9,19699359
2021-05-24 14:23:13,113.85,19707199
2021-05-24 14:23:14,113.85,19707251
2021-05-24 14:23:15,113.9,19707269
2021-05-24 14:23:15,113.9,19707289
2021-05-24 14:23:16,113.9,19707289
2021-05-24 14:23:17,113.95,19708434
2021-05-24 14:23:18,113.9,19708534
2021-05-24 14:23:19,113.95,19708596
2021-05-24 14:23:20,113.95,19709400
2021-05-24 14:23:21,113.9,19709417
2021-05-24 14:23:22,113.9,19710019
2021-05-24 14:23:23,113.9,19710019
2021-05-24 14:23:24,113.9,19710536
2021-05-24 14:23:25,113.9,19711698
2021-05-24 14:23:26,113.9,19713644
2021-05-24 14:23:27,113.9,19714204
2021-05-24 14:23:28,113.85,19714337
2021-05-24 14:23:29,113.9,19719453
2021-05-24 14:23:31,113.9,19719453
2021-05-24 14:23:32,113.85,19720453
2021-05-24 14:23:33,113.9,19720653
2021-05-24 14:23:34,113.9,19720953
2021-05-24 14:23:35,113.85,19723006
2021-05-24 14:23:36,113.9,19723311
2021-05-24 14:23:36,113.9,19723311
2021-05-24 14:23:37,113.9,19724653
2021-05-24 14:23:38,113.9,19724888
2021-05-24 14:23:39,113.85,19725888
2021-05-24 14:23:40,113.9,19727426
2021-05-24 14:23:42,113.9,19733487
2021-05-24 14:23:43,113.9,19734882
2021-05-24 14:23:44,113.8,19736348
2021-05-24 14:23:45,113.9,19736448
2021-05-24 14:23:46,113.9,19736460
2021-05-24 14:23:47,113.8,19737486
2021-05-24 14:23:49,113.8,19738076
2021-05-24 14:23:50,113.85,19738656
2021-05-24 14:23:51,113.85,19741576
2021-05-24 14:23:53,113.9,19741994
2021-05-24 14:23:54,113.85,19752506
2021-05-24 14:23:55,113.85,19752516
2021-05-24 14:23:56,113.8,19752716
2021-05-24 14:23:56,113.9,19762716
2021-05-24 14:23:58,113.8,19762926
2021-05-24 14:23:59,113.8,19762926
2021-05-24 14:24:00,113.8,19762926
2021-05-24 14:24:00,113.8,19762966
2021-05-24 14:24:01,113.8,19764977
2021-05-24 14:24:02,113.85,19765987
2021-05-24 14:24:03,113.85,19765989
2021-05-24 14:24:04,113.85,19768302
2021-05-24 14:24:05,113.85,19768717
2021-05-24 14:24:06,113.8,19768742
2021-05-24 14:24:07,113.8,19768843
2021-05-24 14:24:10,113.85,19769445
2021-05-24 14:24:11,113.8,19769460
2021-05-24 14:24:12,113.85,19769868
2021-05-24 14:24:13,113.8,19769939
2021-05-24 14:24:14,113.8,19770040
2021-05-24 14:24:15,113.85,19770151
2021-05-24 14:24:15,113.8,19770040
2021-05-24 14:24:16,113.85,19772200
2021-05-24 14:24:18,113.8,19772241
2021-05-24 14:24:19,113.85,19772571
2021-05-24 14:24:20,113.8,19773871
2021-05-24 14:24:20,113.8,19773871
2021-05-24 14:24:21,113.8,19777288
2021-05-24 14:24:22,113.8,19777449
2021-05-24 14:24:23,113.85,19778509
2021-05-24 14:24:24,113.8,19780158
2021-05-24 14:24:25,113.8,19780158
2021-05-24 14:24:26,113.8,19780274
2021-05-24 14:24:27,113.85,19783106
2021-05-24 14:24:28,113.8,19783163
2021-05-24 14:24:29,113.8,19783163
2021-05-24 14:24:30,113.8,19783163
2021-05-24 14:24:31,113.8,19783548
2021-05-24 14:24:32,113.85,19785348
2021-05-24 14:24:33,113.85,19785548
2021-05-24 14:24:34,113.85,19785548
2021-05-24 14:24:35,113.8,19785809
2021-05-24 14:24:36,113.8,19795631
2021-05-24 14:24:37,113.85,19795934
2021-05-24 14:24:38,113.8,19796356
2021-05-24 14:24:39,113.8,19796356
2021-05-24 14:24:40,113.85,19796372
2021-05-24 14:24:41,113.8,19797002
2021-05-24 14:24:42,113.8,19798524
2021-05-24 14:24:43,113.8,19798524
2021-05-24 14:24:44,113.8,19798725
2021-05-24 14:24:46,113.85,19798767
2021-05-24 14:24:47,113.85,19799607
2021-05-24 14:24:47,113.8,19799637
2021-05-24 14:24:48,113.85,19799750
2021-05-24 14:24:50,113.85,19799943
2021-05-24 14:24:51,113.8,19800126
2021-05-24 14:24:53,113.8,19800138
2021-05-24 14:24:54,113.8,19800258
2021-05-24 14:24:55,113.85,19808058
2021-05-24 14:24:56,113.8,19808173
2021-05-24 14:24:57,113.8,19808174
2021-05-24 14:24:58,113.85,19810235
2021-05-24 14:24:58,113.85,19808235
2021-05-24 14:24:59,113.85,19810240
2021-05-24 14:25:00,113.85,19811287
2021-05-24 14:25:01,113.85,19812302
2021-05-24 14:25:02,113.8,19825215
2021-05-24 14:25:03,113.75,19825665
2021-05-24 14:25:04,113.75,19826025
2021-05-24 14:25:05,113.8,19826548
2021-05-24 14:25:06,113.75,19829548
2021-05-24 14:25:07,113.75,19830560
2021-05-24 14:25:08,113.8,19830683
2021-05-24 14:25:10,113.8,19831384
2021-05-24 14:25:11,113.75,19831534
2021-05-24 14:25:12,113.75,19832234
2021-05-24 14:25:12,113.75,19832506
2021-05-24 14:25:13,113.8,19832757
2021-05-24 14:25:14,113.75,19833257
2021-05-24 14:25:15,113.75,19833769
2021-05-24 14:25:16,113.7,19835982
2021-05-24 14:25:17,113.8,19835986
2021-05-24 14:25:18,113.7,19836773
2021-05-24 14:25:19,113.7,19837089
2021-05-24 14:25:20,113.7,19837089
2021-05-24 14:25:21,113.75,19837396
2021-05-24 14:25:22,113.7,19837397
2021-05-24 14:25:23,113.7,19843285
2021-05-24 14:25:24,113.7,19845286
2021-05-24 14:25:25,113.75,19845296
2021-05-24 14:25:26,113.7,19845315
2021-05-24 14:25:27,113.75,19846929
2021-05-24 14:25:28,113.75,19848611
2021-05-24 14:25:29,113.75,19848611
2021-05-24 14:25:30,113.75,19849131
2021-05-24 14:25:31,113.75,19850122
2021-05-24 14:25:33,113.75,19855588
2021-05-24 14:25:34,113.75,19863812
2021-05-24 14:25:35,113.8,19864013
2021-05-24 14:25:36,113.75,19864038
2021-05-24 14:25:37,113.75,19868746
2021-05-24 14:25:38,113.75,19868746
2021-05-24 14:25:39,113.7,19868846
2021-05-24 14:25:40,113.75,19868866
2021-05-24 14:25:41,113.75,19870916
2021-05-24 14:25:42,113.75,19870919
2021-05-24 14:25:43,113.75,19871346
2021-05-24 14:25:45,113.75,19872846
2021-05-24 14:25:45,113.75,19872846
2021-05-24 14:25:46,113.7,19873146
2021-05-24 14:25:48,113.75,19873148
2021-05-24 14:25:49,113.75,19873466
2021-05-24 14:25:50,113.7,19877129
2021-05-24 14:25:51,113.75,19877243
2021-05-24 14:25:52,113.65,19878255
2021-05-24 14:25:53,113.65,19878355
2021-05-24 14:25:54,113.7,19878359
2021-05-24 14:25:54,113.7,19878368
2021-05-24 14:25:55,113.65,19878908
2021-05-24 14:25:57,113.65,19879008
2021-05-24 14:25:58,113.65,19881011
2021-05-24 14:25:58,113.65,19881021
2021-05-24 14:25:59,113.65,19881021
2021-05-24 14:26:00,113.7,19881165
2021-05-24 14:26:01,113.7,19881173
2021-05-24 14:26:02,113.65,19881263
2021-05-24 14:26:03,113.7,19882820
2021-05-24 14:26:05,113.6,19882920
2021-05-24 14:26:06,113.6,19882981
2021-05-24 14:26:07,113.65,19882984
2021-05-24 14:26:08,113.65,19882989
2021-05-24 14:26:09,113.6,19883189
2021-05-24 14:26:10,113.65,19883739
2021-05-24 14:26:11,113.65,19885444
2021-05-24 14:26:11,113.65,19893144
2021-05-24 14:26:12,113.65,19893229
2021-05-24 14:26:14,113.6,19893394
2021-05-24 14:26:15,113.65,19893924
2021-05-24 14:26:16,113.65,19893949
2021-05-24 14:26:17,113.7,19973950
2021-05-24 14:26:17,113.7,19973950
2021-05-24 14:26:18,113.75,19974453
2021-05-24 14:26:19,113.7,19975947
2021-05-24 14:26:21,113.7,19976522
2021-05-24 14:26:22,113.75,19980573
2021-05-24 14:26:23,113.7,19983537
2021-05-24 14:26:24,113.7,19983541
2021-05-24 14:26:25,113.75,19983585
2021-05-24 14:26:26,113.8,19985209
2021-05-24 14:26:27,113.8,19985209
2021-05-24 14:26:27,113.8,19985773
2021-05-24 14:26:28,113.75,19985810
2021-05-24 14:26:30,113.75,19985813
2021-05-24 14:26:31,113.75,19985882
2021-05-24 14:26:32,113.75,19985882
2021-05-24 14:26:33,113.7,19985902
2021-05-24 14:26:34,113.7,19985902
2021-05-24 14:26:34,113.7,19985912
2021-05-24 14:26:35,113.75,19985922
2021-05-24 14:26:38,113.7,19986547
2021-05-24 14:26:39,113.7,19986647
2021-05-24 14:26:39,113.7,19986647
2021-05-24 14:26:40,113.75,19986890
2021-05-24 14:26:41,113.75,19986890
2021-05-24 14:26:43,113.7,19987490
2021-05-24 14:26:44,113.75,19993133
2021-05-24 14:26:45,113.7,19994836
2021-05-24 14:26:46,113.75,19995747
2021-05-24 14:26:47,113.75,19996192
2021-05-24 14:26:48,113.75,19996232
2021-05-24 14:26:49,113.7,19997482
2021-05-24 14:26:51,113.7,19997782
2021-05-24 14:26:52,113.75,19998003
2021-05-24 14:26:52,113.7,19998011
2021-05-24 14:26:53,113.7,19998011
2021-05-24 14:26:55,113.75,19998225
2021-05-24 14:26:55,113.7,19998236
2021-05-24 14:26:56,113.7,19998236
2021-05-24 14:26:58,113.7,19999536
2021-05-24 14:26:59,113.7,19999836
2021-05-24 14:27:00,113.7,19999836
2021-05-24 14:27:01,113.75,19999871
2021-05-24 14:27:02,113.7,20000771
2021-05-24 14:27:03,113.7,20000791
2021-05-24 14:27:04,113.75,20000803
2021-05-24 14:27:05,113.7,20011203
2021-05-24 14:27:06,113.65,20012408
2021-05-24 14:27:07,113.65,20012413
2021-05-24 14:27:08,113.65,20012413
2021-05-24 14:27:09,113.6,20013913
2021-05-24 14:27:10,113.6,20013913
2021-05-24 14:27:11,113.65,20013933
2021-05-24 14:27:11,113.6,20015239
2021-05-24 14:27:12,113.7,20017401
2021-05-24 14:27:13,113.7,20017708
2021-05-24 14:27:14,113.65,20017778
2021-05-24 14:27:15,113.65,20017778
2021-05-24 14:27:16,113.65,20017878
2021-05-24 14:27:18,113.65,20018068
2021-05-24 14:27:19,113.6,20018410
2021-05-24 14:27:20,113.6,20018510
2021-05-24 14:27:21,113.6,20018745
2021-05-24 14:27:22,113.65,20018788
2021-05-24 14:27:24,113.6,20020788
2021-05-24 14:27:24,113.6,20023928
2021-05-24 14:27:26,113.65,20024428
2021-05-24 14:27:27,113.65,20024434
2021-05-24 14:27:28,113.65,20024478
2021-05-24 14:27:29,113.6,20024493
2021-05-24 14:27:30,113.6,20025499
2021-05-24 14:27:31,113.65,20027409
2021-05-24 14:27:32,113.65,20027459
2021-05-24 14:27:33,113.65,20027459
2021-05-24 14:27:34,113.65,20027459
2021-05-24 14:27:35,113.65,20028159
2021-05-24 14:27:35,113.65,20028169
2021-05-24 14:27:36,113.65,20028174
2021-05-24 14:27:38,113.65,20028175
2021-05-24 14:27:39,113.6,20028678
2021-05-24 14:27:40,113.6,20028991
2021-05-24 14:27:41,113.65,20029041
2021-05-24 14:27:42,113.65,20029641
2021-05-24 14:27:43,113.65,20029641
2021-05-24 14:27:44,113.65,20029841
2021-05-24 14:27:45,113.6,20032971
2021-05-24 14:27:46,113.65,20035187
2021-05-24 14:27:47,113.65,20035315
2021-05-24 14:27:48,113.65,20035520
2021-05-24 14:27:49,113.55,20040129
2021-05-24 14:27:50,113.65,20041868
2021-05-24 14:27:51,113.65,20041877
2021-05-24 14:27:52,113.6,20044277
2021-05-24 14:27:53,113.65,20045280
2021-05-24 14:27:54,113.6,20045282
2021-05-24 14:27:55,113.6,20045282
2021-05-24 14:27:56,113.6,20045463
2021-05-24 14:27:57,113.65,20045466
2021-05-24 14:27:58,113.65,20045937
2021-05-24 14:27:59,113.6,20045976
2021-05-24 14:28:00,113.6,20046379
2021-05-24 14:28:01,113.6,20047380
2021-05-24 14:28:02,113.6,20048368
2021-05-24 14:28:03,113.6,20048368
2021-05-24 14:28:04,113.65,20048388
2021-05-24 14:28:05,113.6,20048438
2021-05-24 14:28:06,113.6,20048966
2021-05-24 14:28:07,113.6,20049207
2021-05-24 14:28:08,113.6,20049207
2021-05-24 14:28:09,113.6,20049209
2021-05-24 14:28:10,113.6,20049234
2021-05-24 14:28:11,113.6,20049244
2021-05-24 14:28:12,113.65,20049745
2021-05-24 14:28:13,113.6,20050253
2021-05-24 14:28:14,113.6,20050253
2021-05-24 14:28:15,113.6,20050327
2021-05-24 14:28:16,113.65,20050390
2021-05-24 14:28:17,113.6,20050399
2021-05-24 14:28:18,113.6,20050399
2021-05-24 14:28:19,113.65,20051716
2021-05-24 14:28:20,113.65,20051720
2021-05-24 14:28:21,113.65,20051720
2021-05-24 14:28:22,113.6,20054240
2021-05-24 14:28:23,113.6,20054720
2021-05-24 14:28:24,113.6,20054740
2021-05-24 14:28:25,113.6,20054750
2021-05-24 14:28:26,113.6,20054896
2021-05-24 14:28:27,113.6,20054899
2021-05-24 14:28:28,113.6,20054899
2021-05-24 14:28:29,113.55,20055529
2021-05-24 14:28:30,113.6,20055714
2021-05-24 14:28:31,113.6,20055895
2021-05-24 14:28:32,113.6,20055943
2021-05-24 14:28:33,113.6,20056443
2021-05-24 14:28:34,113.6,20056554
2021-05-24 14:28:35,113.6,20056555
2021-05-24 14:28:36,113.6,20058056
2021-05-24 14:28:37,113.65,20058062
2021-05-24 14:28:38,113.6,20058087
2021-05-24 14:28:39,113.6,20058087
2021-05-24 14:28:40,113.6,20059487
2021-05-24 14:28:41,113.6,20059487
2021-05-24 14:28:42,113.6,20060137
2021-05-24 14:28:43,113.65,20060148
2021-05-24 14:28:44,113.6,20068308
2021-05-24 14:28:45,113.6,20068308
2021-05-24 14:28:46,113.55,20069311
2021-05-24 14:28:47,113.65,20069312
2021-05-24 14:28:48,113.65,20069412
2021-05-24 14:28:49,113.55,20069733
2021-05-24 14:28:50,113.6,20069933
2021-05-24 14:28:51,113.55,20072033
2021-05-24 14:28:52,113.65,20073645
2021-05-24 14:28:53,113.65,20073645
2021-05-24 14:28:54,113.55,20075153
2021-05-24 14:28:55,113.55,20075380
2021-05-24 14:28:56,113.55,20075380
2021-05-24 14:28:57,113.65,20075390
2021-05-24 14:28:58,113.55,20075391
2021-05-24 14:28:59,113.55,20075392
2021-05-24 14:29:00,113.65,20075501
2021-05-24 14:29:01,113.65,20075511
2021-05-24 14:29:02,113.55,20075681
2021-05-24 14:29:03,113.55,20075681
2021-05-24 14:29:04,113.55,20075681
2021-05-24 14:29:05,113.55,20075783
2021-05-24 14:29:06,113.55,20075805
2021-05-24 14:29:07,113.5,20079154
2021-05-24 14:29:08,113.5,20079154
2021-05-24 14:29:09,113.55,20079165
2021-05-24 14:29:10,113.55,20079177
2021-05-24 14:29:11,113.55,20079644
2021-05-24 14:29:12,113.55,20080524
2021-05-24 14:29:13,113.6,20080638
2021-05-24 14:29:14,113.6,20080638
2021-05-24 14:29:15,113.55,20080794
2021-05-24 14:29:16,113.55,20080794
2021-05-24 14:29:17,113.55,20080794
2021-05-24 14:29:18,113.55,20080847
2021-05-24 14:29:19,113.55,20081124
2021-05-24 14:29:20,113.6,20081155
2021-05-24 14:29:21,113.6,20081286
2021-05-24 14:29:22,113.6,20081286
2021-05-24 14:29:23,113.55,20081291
2021-05-24 14:29:24,113.55,20082341
2021-05-24 14:29:25,113.55,20082592
2021-05-24 14:29:26,113.55,20082592
2021-05-24 14:29:27,113.55,20082592
2021-05-24 14:29:28,113.55,20082660
2021-05-24 14:29:29,113.55,20082693
2021-05-24 14:29:30,113.55,20082693
2021-05-24 14:29:31,113.55,20082695
2021-05-24 14:29:32,113.5,20083015
2021-05-24 14:29:33,113.55,20083428
2021-05-24 14:29:34,113.5,20083453
2021-05-24 14:29:35,113.55,20091048
2021-05-24 14:29:36,113.55,20093170
2021-05-24 14:29:37,113.55,20094301
2021-05-24 14:29:38,113.55,20094565
2021-05-24 14:29:39,113.5,20100912
2021-05-24 14:29:40,113.55,20101912
2021-05-24 14:29:41,113.55,20103465
2021-05-24 14:29:42,113.55,20103815
2021-05-24 14:29:43,113.55,20103985
2021-05-24 14:29:44,113.55,20103986
2021-05-24 14:29:45,113.5,20116022
2021-05-24 14:29:46,113.55,20116098
2021-05-24 14:29:47,113.5,20118800
2021-05-24 14:29:48,113.55,20120235
2021-05-24 14:29:49,113.45,20120427
2021-05-24 14:29:50,113.45,20121277
2021-05-24 14:29:51,113.5,20129679
2021-05-24 14:29:52,113.5,20129679
2021-05-24 14:29:53,113.5,20129679
2021-05-24 14:29:55,113.5,20129874
2021-05-24 14:29:55,113.45,20132574
2021-05-24 14:29:56,113.45,20133319
2021-05-24 14:29:57,113.5,20133877
2021-05-24 14:29:58,113.5,20133877
2021-05-24 14:29:59,113.45,20133879
2021-05-24 14:30:00,113.5,20136531
2021-05-24 14:30:01,113.5,20136534
2021-05-24 14:30:02,113.45,20137534
2021-05-24 14:30:03,113.45,20137534
2021-05-24 14:30:04,113.45,20137897
2021-05-24 14:30:05,113.45,20137897
2021-05-24 14:30:06,113.45,20143691
2021-05-24 14:30:07,113.4,20144242
2021-05-24 14:30:09,113.5,20144343
2021-05-24 14:30:10,113.4,20144373
2021-05-24 14:30:11,113.4,20145097
2021-05-24 14:30:12,113.4,20145116
2021-05-24 14:30:13,113.5,20145146
2021-05-24 14:30:14,113.45,20145156
2021-05-24 14:30:15,113.45,20145256
2021-05-24 14:30:16,113.45,20145286
2021-05-24 14:30:17,113.45,20146386
2021-05-24 14:30:18,113.4,20146711
2021-05-24 14:30:19,113.4,20146978
2021-05-24 14:30:20,113.4,20147028
2021-05-24 14:30:21,113.4,20148828
2021-05-24 14:30:22,113.5,20148839
2021-05-24 14:30:23,113.4,20148861
2021-05-24 14:30:24,113.4,20151571
2021-05-24 14:30:25,113.4,20151716
2021-05-24 14:30:26,113.4,20151926
2021-05-24 14:30:27,113.4,20151937
2021-05-24 14:30:28,113.4,20153271
2021-05-24 14:30:29,113.4,20153371
2021-05-24 14:30:30,113.4,20153371
2021-05-24 14:30:31,113.4,20229882
2021-05-24 14:30:32,113.4,20231676
2021-05-24 14:30:33,113.4,20231706
2021-05-24 14:30:34,113.4,20231706
2021-05-24 14:30:35,113.45,20231919
2021-05-24 14:30:36,113.4,20231920
2021-05-24 14:30:37,113.45,20232050
2021-05-24 14:30:38,113.4,20239768
2021-05-24 14:30:39,113.4,20239768
2021-05-24 14:30:40,113.45,20268394
2021-05-24 14:30:41,113.5,20268544
2021-05-24 14:30:42,113.4,20269244
2021-05-24 14:30:43,113.4,20269244
2021-05-24 14:30:44,113.35,20271952
2021-05-24 14:30:45,113.4,20272952
2021-05-24 14:30:46,113.4,20272954
2021-05-24 14:30:47,113.45,20276354
2021-05-24 14:30:48,113.4,20276357
2021-05-24 14:30:49,113.4,20276416
2021-05-24 14:30:50,113.4,20277464
2021-05-24 14:30:51,113.4,20277518
2021-05-24 14:30:52,113.35,20277620
2021-05-24 14:30:53,113.35,20277646
2021-05-24 14:30:54,113.35,20277946
2021-05-24 14:30:55,113.4,20278007
2021-05-24 14:30:56,113.35,20278347
2021-05-24 14:30:57,113.4,20278588
2021-05-24 14:30:58,113.4,20278601
2021-05-24 14:30:59,113.35,20278611
2021-05-24 14:31:00,113.35,20278735
2021-05-24 14:31:01,113.35,20278735
2021-05-24 14:31:02,113.4,20278737
2021-05-24 14:31:03,113.35,20278922
2021-05-24 14:31:04,113.35,20278924
2021-05-24 14:31:05,113.35,20279521
2021-05-24 14:31:06,113.35,20279741
2021-05-24 14:31:07,113.35,20279753
2021-05-24 14:31:08,113.4,20283533
2021-05-24 14:31:09,113.4,20285539
2021-05-24 14:31:10,113.4,20286481
2021-05-24 14:31:11,113.4,20286481
2021-05-24 14:31:12,113.35,20289516
2021-05-24 14:31:13,113.4,20289766
2021-05-24 14:31:14,113.4,20289766
2021-05-24 14:31:15,113.3,20293569
2021-05-24 14:31:16,113.3,20298017
2021-05-24 14:31:17,113.3,20298717
2021-05-24 14:31:18,113.3,20298717
2021-05-24 14:31:19,113.35,20301724
2021-05-24 14:31:20,113.3,20303260
2021-05-24 14:31:21,113.3,20303275
2021-05-24 14:31:22,113.3,20303396
2021-05-24 14:31:23,113.3,20303417
2021-05-24 14:31:24,113.3,20303437
2021-05-24 14:31:25,113.25,20308413
2021-05-24 14:31:26,113.25,20308585
2021-05-24 14:31:27,113.25,20308691
2021-05-24 14:31:28,113.3,20311366
2021-05-24 14:31:29,113.25,20311368
2021-05-24 14:31:30,113.3,20311758
2021-05-24 14:31:31,113.3,20312288
2021-05-24 14:31:32,113.25,20312289
2021-05-24 14:31:33,113.3,20312379
2021-05-24 14:31:34,113.25,20314594
2021-05-24 14:31:35,113.25,20314594
2021-05-24 14:31:36,113.25,20314594
2021-05-24 14:31:37,113.25,20314920
2021-05-24 14:31:38,113.3,20314996
2021-05-24 14:31:39,113.25,20315081
2021-05-24 14:31:40,113.25,20315987
2021-05-24 14:31:41,113.25,20316013
2021-05-24 14:31:42,113.25,20316307
2021-05-24 14:31:43,113.25,20316994
2021-05-24 14:31:44,113.25,20318109
2021-05-24 14:31:47,113.25,20318614
2021-05-24 14:31:49,113.25,20325324
2021-05-24 14:31:52,113.3,20326423
2021-05-24 14:31:54,113.25,20326722
2021-05-24 14:31:56,113.3,20326942
2021-05-24 14:31:59,113.25,20328069
2021-05-24 14:32:01,113.3,20332835
2021-05-24 14:32:04,113.3,20332885
2021-05-24 14:32:06,113.2,20333022
2021-05-24 14:32:09,113.25,20333023
2021-05-24 14:32:11,113.2,20334169
2021-05-24 14:32:13,113.2,20344870
2021-05-24 14:32:16,113.25,20350352
2021-05-24 14:32:20,113.15,20354631
2021-05-24 14:32:23,113.15,20356562
2021-05-24 14:32:25,113.2,20356617
2021-05-24 14:32:28,113.15,20356904
2021-05-24 14:32:31,113.15,20357286
2021-05-24 14:32:34,113.15,20357530
2021-05-24 14:32:36,113.2,20358377
2021-05-24 14:32:38,113.2,20358388
2021-05-24 14:32:40,113.15,20359704
2021-05-24 14:32:43,113.15,20360149
2021-05-24 14:32:45,113.2,20366248
2021-05-24 14:32:48,113.2,20368972
2021-05-24 14:32:51,113.15,20373779
2021-05-24 14:32:53,113.15,20375836
2021-05-24 14:32:56,113.15,20376122
2021-05-24 14:32:58,113.15,20385982
2021-05-24 14:33:01,113.15,20386182
2021-05-24 14:33:04,113.15,20394145
2021-05-24 14:33:07,113.15,20397573
2021-05-24 14:33:09,113.15,20397750
2021-05-24 14:33:12,113.1,20406338
2021-05-24 14:33:14,113.2,20421785
2021-05-24 14:33:17,113.1,20426586
2021-05-24 14:33:20,113.1,20428826
2021-05-24 14:33:22,113.15,20429860
2021-05-24 14:33:25,113.1,20431337
2021-05-24 14:33:28,113.1,20434855
2021-05-24 14:33:30,113.1,20435355
2021-05-24 14:33:32,113.2,20436120
2021-05-24 14:33:35,113.1,20438436
2021-05-24 14:33:37,113.2,20438698
2021-05-24 14:33:39,113.1,20439424
2021-05-24 14:33:41,113.2,20439894
2021-05-24 14:33:44,113.2,20440625
2021-05-24 14:33:46,113.2,20440825
2021-05-24 14:33:49,113.2,20461997
2021-05-24 14:33:51,113.2,20469703
2021-05-24 14:33:53,113.2,20470815
2021-05-24 14:33:56,113.2,20471213
2021-05-24 14:33:58,113.2,20472110
2021-05-24 14:34:01,113.25,20479814
2021-05-24 14:34:03,113.15,20486587
2021-05-24 14:34:06,113.15,20488590
2021-05-24 14:34:08,113.15,20492666
2021-05-24 14:34:11,113.2,20493181
2021-05-24 14:34:14,113.15,20493209
2021-05-24 14:34:16,113.2,20493261
2021-05-24 14:34:19,113.15,20498253
2021-05-24 14:34:22,113.15,20498331
2021-05-24 14:34:24,113.2,20498421
2021-05-24 14:34:27,113.25,20533737
2021-05-24 14:34:29,113.2,20544120
2021-05-24 14:34:32,113.25,20544172
2021-05-24 14:34:34,113.25,20544405
2021-05-24 14:34:37,113.2,20544605
2021-05-24 14:34:40,113.25,20544705
2021-05-24 14:34:43,113.2,20545046
2021-05-24 14:34:45,113.2,20546084
2021-05-24 14:34:48,113.2,20546105
2021-05-24 14:34:50,113.25,20547446
2021-05-24 14:34:53,113.2,20548675
2021-05-24 14:34:55,113.2,20548780
2021-05-24 14:34:58,113.15,20548792
2021-05-24 14:35:00,113.2,20549021
2021-05-24 14:35:03,113.2,20549071
2021-05-24 14:35:06,113.2,20551636
2021-05-24 14:35:08,113.15,20551792
2021-05-24 14:35:11,113.2,20551804
2021-05-24 14:35:13,113.15,20559756
2021-05-24 14:35:16,113.15,20562619
2021-05-24 14:35:18,113.2,20567057
2021-05-24 14:35:21,113.2,20568417
2021-05-24 14:35:27,113.15,20568708
2021-05-24 14:35:33,113.2,20569624
2021-05-24 14:35:36,113.2,20569862
2021-05-24 14:35:38,113.15,20573355
2021-05-24 14:35:41,113.15,20582257
2021-05-24 14:35:43,113.15,20584438
2021-05-24 14:35:46,113.15,20586256
2021-05-24 14:35:49,113.1,20591723
2021-05-24 14:35:51,113.15,20608576
2021-05-24 14:35:54,113.15,20612306
2021-05-24 14:35:56,113.15,20623392
2021-05-24 14:35:59,113.15,20623399
2021-05-24 14:36:01,113.1,20625955
2021-05-24 14:36:04,113.15,20626472
2021-05-24 14:36:06,113.15,20626979
2021-05-24 14:36:08,113.15,20626980
2021-05-24 14:36:11,113.1,20627095
2021-05-24 14:36:13,113.1,20628196
2021-05-24 14:36:16,113.1,20628196
2021-05-24 14:36:18,113.1,20628338
2021-05-24 14:36:20,113.1,20629601
2021-05-24 14:36:23,113.15,20629614
2021-05-24 14:36:26,113.1,20629741
2021-05-24 14:36:29,113.15,20629769
2021-05-24 14:36:32,113.15,20633507
2021-05-24 14:36:35,113.15,20633587
2021-05-24 14:36:38,113.2,20637559
2021-05-24 14:36:41,113.15,20637693
2021-05-24 14:36:44,113.15,20637693
2021-05-24 14:36:46,113.15,20637725
2021-05-24 14:36:50,113.15,20641174
2021-05-24 14:36:53,113.15,20649421
2021-05-24 14:36:56,113.2,20653002
2021-05-24 14:36:59,113.15,20653129
2021-05-24 14:37:02,113.15,20654139
2021-05-24 14:37:05,113.15,20656353
2021-05-24 14:37:09,113.2,20656390
2021-05-24 14:37:12,113.1,20659322
2021-05-24 14:37:15,113.1,20659591
2021-05-24 14:37:18,113.1,20659913
2021-05-24 14:37:21,113.1,20660126
2021-05-24 14:37:25,113.2,20660436
2021-05-24 14:37:28,113.1,20660449
2021-05-24 14:37:31,113.1,20662401
2021-05-24 14:37:34,113.2,20663918
2021-05-24 14:37:37,113.2,20664322
2021-05-24 14:37:40,113.15,20664626
2021-05-24 14:37:43,113.15,20664847
2021-05-24 14:37:46,113.15,20667189
2021-05-24 14:37:49,113.1,20675918
2021-05-24 14:37:52,113.15,20676163
2021-05-24 14:37:54,113.1,20676687
2021-05-24 14:37:57,113.1,20677664
2021-05-24 14:38:00,113.15,20689197
2021-05-24 14:38:03,113.1,20691619
2021-05-24 14:38:06,113.15,20692584
2021-05-24 14:38:09,113.1,20693692
2021-05-24 14:38:12,113.1,20694208
2021-05-24 14:38:15,113.1,20698343
2021-05-24 14:38:18,113.15,20699174
2021-05-24 14:38:21,113.1,20704046
2021-05-24 14:38:24,113.05,20704747
2021-05-24 14:38:27,113.05,20706377
2021-05-24 14:38:30,113.1,20706393
2021-05-24 14:38:33,113.1,20706394
2021-05-24 14:38:36,113.05,20707234
2021-05-24 14:38:38,113.1,20740401
2021-05-24 14:38:41,113.1,20741583
2021-05-24 14:38:44,113.1,20741583
2021-05-24 14:38:46,113.1,20753991
2021-05-24 14:38:49,113.15,20754228
2021-05-24 14:38:51,113.2,20768969
2021-05-24 14:38:54,113.25,20805019
2021-05-24 14:38:56,113.2,20806421
2021-05-24 14:38:59,113.25,20807121
2021-05-24 14:39:01,113.25,20814913
2021-05-24 14:39:04,113.25,20817747
2021-05-24 14:39:07,113.25,20817891
2021-05-24 14:39:10,113.25,20819401
2021-05-24 14:39:13,113.25,20819513
2021-05-24 14:39:16,113.25,20820476
2021-05-24 14:39:18,113.15,20820477
2021-05-24 14:39:21,113.25,20826387
2021-05-24 14:39:23,113.3,20826458
2021-05-24 14:39:26,113.3,20828815
2021-05-24 14:39:29,113.3,20828815
2021-05-24 14:39:31,113.3,20829346
2021-05-24 14:39:33,113.3,20829896
2021-05-24 14:39:36,113.25,20831412
2021-05-24 14:39:39,113.3,20831730
2021-05-24 14:39:42,113.25,20837354
2021-05-24 14:39:45,113.25,20837658
2021-05-24 14:39:48,113.25,20838356
2021-05-24 14:39:51,113.25,20842008
2021-05-24 14:39:55,113.2,20842534
2021-05-24 14:39:58,113.25,20843584
2021-05-24 14:40:00,113.2,20843610
2021-05-24 14:40:03,113.25,20847273
2021-05-24 14:40:09,113.2,20850781
2021-05-24 14:40:12,113.25,20856254
2021-05-24 14:40:15,113.3,20864337
2021-05-24 14:40:17,113.3,20872868
2021-05-24 14:40:20,113.3,20881724
2021-05-24 14:40:22,113.35,20881830
2021-05-24 14:40:25,113.35,20886031
2021-05-24 14:40:28,113.3,20886839
2021-05-24 14:40:31,113.3,20888014
2021-05-24 14:40:33,113.35,20888079
2021-05-24 14:40:37,113.35,20891266
2021-05-24 14:40:40,113.35,20893565
2021-05-24 14:40:42,113.35,20893591
2021-05-24 14:40:45,113.4,20893635
2021-05-24 14:40:48,113.4,20894474
2021-05-24 14:40:51,113.4,20895337
2021-05-24 14:40:54,113.35,20896830
2021-05-24 14:40:57,113.4,20896843
2021-05-24 14:40:59,113.4,20896844
2021-05-24 14:41:02,113.4,20896951
2021-05-24 14:41:05,113.3,20898471
2021-05-24 14:41:08,113.4,20898500
2021-05-24 14:41:10,113.3,20900291
2021-05-24 14:41:13,113.4,20900580
2021-05-24 14:41:16,113.4,20901428
2021-05-24 14:41:18,113.4,20901622
2021-05-24 14:41:21,113.4,20902153
2021-05-24 14:41:24,113.35,20902206
2021-05-24 14:41:27,113.35,20903789
2021-05-24 14:41:29,113.4,20903801
2021-05-24 14:41:32,113.3,20904255
2021-05-24 14:41:34,113.3,20904510
2021-05-24 14:41:38,113.4,20904705
2021-05-24 14:41:41,113.35,20905882
2021-05-24 14:41:44,113.35,20906082
2021-05-24 14:41:47,113.35,20907582
2021-05-24 14:41:50,113.3,20907849
2021-05-24 14:41:52,113.35,20907909
2021-05-24 14:41:55,113.4,20926010
2021-05-24 14:41:58,113.35,20926111
2021-05-24 14:42:00,113.35,20926266
2021-05-24 14:42:03,113.35,20926673
2021-05-24 14:42:06,113.35,20927235
2021-05-24 14:42:09,113.35,20927346
2021-05-24 14:42:12,113.4,20927609
2021-05-24 14:42:15,113.4,20927625
2021-05-24 14:42:18,113.35,20927628
2021-05-24 14:42:21,113.4,20990120
2021-05-24 14:42:24,113.35,20992240
2021-05-24 14:42:27,113.25,21011599
2021-05-24 14:42:30,113.25,21019833
2021-05-24 14:42:33,113.2,21019948
2021-05-24 14:42:36,113.2,21019948
2021-05-24 14:42:39,113.25,21019970
2021-05-24 14:42:42,113.2,21019991
2021-05-24 14:42:45,113.2,21020093
2021-05-24 14:42:48,113.25,21021125
2021-05-24 14:42:51,113.25,21021477
2021-05-24 14:42:54,113.2,21026528
2021-05-24 14:42:57,113.2,21031916
2021-05-24 14:42:59,113.15,21037300
2021-05-24 14:43:02,113.25,21039541
2021-05-24 14:43:06,113.25,21041965
2021-05-24 14:43:09,113.2,21068677
2021-05-24 14:43:12,113.25,21072287
2021-05-24 14:43:14,113.2,21079522
2021-05-24 14:43:17,113.2,21080047
2021-05-24 14:43:20,113.25,21080358
2021-05-24 14:43:22,113.25,21080919
2021-05-24 14:43:25,113.25,21081529
2021-05-24 14:43:28,113.2,21081535
2021-05-24 14:43:30,113.2,21082193
2021-05-24 14:43:33,113.2,21093819
2021-05-24 14:43:36,113.15,21093985
2021-05-24 14:43:38,113.2,21093987
2021-05-24 14:43:41,113.2,21094127
2021-05-24 14:43:44,113.2,21094657
2021-05-24 14:43:46,113.15,21107928
2021-05-24 14:43:49,113.1,21110121
2021-05-24 14:43:51,113.15,21113325
2021-05-24 14:43:54,113.1,21115307
2021-05-24 14:43:56,113.1,21115312
2021-05-24 14:43:59,113.05,21129566
2021-05-24 14:44:02,113.15,21133321
2021-05-24 14:44:05,113.15,21135909
2021-05-24 14:44:07,113.15,21135910
2021-05-24 14:44:10,113.15,21135960
2021-05-24 14:44:13,113.15,21136265
2021-05-24 14:44:15,113.1,21139270
2021-05-24 14:44:18,113.1,21140573
2021-05-24 14:44:20,113.1,21141562
2021-05-24 14:44:23,113.1,21142114
2021-05-24 14:44:25,113.15,21149899
2021-05-24 14:44:28,113.2,21149924
2021-05-24 14:44:30,113.15,21151579
2021-05-24 14:44:33,113.15,21153084
2021-05-24 14:44:36,113.15,21153084
2021-05-24 14:44:39,113.2,21153596
2021-05-24 14:44:42,113.2,21153647
2021-05-24 14:44:44,113.15,21155337
2021-05-24 14:44:47,113.2,21155373
2021-05-24 14:44:49,113.15,21156638
2021-05-24 14:44:52,113.2,21158685
2021-05-24 14:44:55,113.25,21159396
2021-05-24 14:44:58,113.2,21165056
2021-05-24 14:45:01,113.2,21165083
2021-05-24 14:45:03,113.25,21165197
2021-05-24 14:45:07,113.25,21165922
2021-05-24 14:45:10,113.2,21167719
2021-05-24 14:45:13,113.25,21168729
2021-05-24 14:45:15,113.25,21168839
2021-05-24 14:45:18,113.2,21169313
2021-05-24 14:45:21,113.2,21171391
2021-05-24 14:45:24,113.25,21171404
2021-05-24 14:45:27,113.2,21171555
2021-05-24 14:45:30,113.25,21171558
2021-05-24 14:45:33,113.25,21171652
2021-05-24 14:45:36,113.2,21171752
2021-05-24 14:45:39,113.2,21171785
2021-05-24 14:45:45,113.25,21172505
2021-05-24 14:45:47,113.2,21172507
2021-05-24 14:45:50,113.25,21174093
2021-05-24 14:45:53,113.25,21174143
2021-05-24 14:45:56,113.25,21174143
2021-05-24 14:45:59,113.25,21174428
2021-05-24 14:46:02,113.25,21174519
2021-05-24 14:46:04,113.25,21174569
2021-05-24 14:46:08,113.25,21177420
2021-05-24 14:46:11,113.2,21178203
2021-05-24 14:46:13,113.2,21178381
2021-05-24 14:46:16,113.2,21178437
2021-05-24 14:46:19,113.25,21186157
2021-05-24 14:46:22,113.25,21186587
2021-05-24 14:46:25,113.25,21187022
2021-05-24 14:46:27,113.2,21187239
2021-05-24 14:46:30,113.25,21188844
2021-05-24 14:46:32,113.25,21189470
2021-05-24 14:46:35,113.25,21191409
2021-05-24 14:46:37,113.25,21191658
2021-05-24 14:46:40,113.2,21193249
2021-05-24 14:46:43,113.25,21193320
2021-05-24 14:46:46,113.25,21193320
2021-05-24 14:46:49,113.2,21206262
2021-05-24 14:46:51,113.15,21206668
2021-05-24 14:46:54,113.2,21206698
2021-05-24 14:46:57,113.2,21207402
2021-05-24 14:47:00,113.2,21207617
2021-05-24 14:47:07,113.25,21216952
2021-05-24 14:47:10,113.25,21217040
2021-05-24 14:47:13,113.25,21217045
2021-05-24 14:47:16,113.2,21217046
2021-05-24 14:47:19,113.15,21217482
2021-05-24 14:47:22,113.2,21217487
2021-05-24 14:47:25,113.2,21218684
2021-05-24 14:47:28,113.25,21218799
2021-05-24 14:47:31,113.2,21218856
2021-05-24 14:47:33,113.2,21219878
2021-05-24 14:47:37,113.2,21219916
2021-05-24 14:47:41,113.2,21225450
2021-05-24 14:47:44,113.2,21225756
2021-05-24 14:47:48,113.2,21225767
2021-05-24 14:47:51,113.15,21226341
2021-05-24 14:47:54,113.15,21226526
2021-05-24 14:47:57,113.15,21228030
2021-05-24 14:48:00,113.2,21228162
2021-05-24 14:48:03,113.2,21228171
2021-05-24 14:48:07,113.2,21228707
2021-05-24 14:48:11,113.15,21228726
2021-05-24 14:48:14,113.2,21236482
2021-05-24 14:48:18,113.15,21236483
2021-05-24 14:48:22,113.2,21236494
2021-05-24 14:48:25,113.15,21236574
2021-05-24 14:48:29,113.15,21236602
2021-05-24 14:48:32,113.15,21238543
2021-05-24 14:48:35,113.2,21238729
2021-05-24 14:48:38,113.25,21241299
2021-05-24 14:48:42,113.15,21241522
2021-05-24 14:48:46,113.2,21241557
2021-05-24 14:48:50,113.15,21242513
2021-05-24 14:48:53,113.1,21263370
2021-05-24 14:48:57,113.1,21263585
2021-05-24 14:49:00,113.1,21269213
2021-05-24 14:49:03,113.1,21270228
2021-05-24 14:49:06,113.1,21323927
2021-05-24 14:49:09,113.0,21324038
2021-05-24 14:49:13,113.0,21338307
2021-05-24 14:49:16,113.1,21338519
2021-05-24 14:49:19,113.0,21339769
2021-05-24 14:49:23,113.1,21340277
2021-05-24 14:49:26,113.1,21341829
2021-05-24 14:49:29,113.0,21342884
2021-05-24 14:49:33,113.05,21343084
2021-05-24 14:49:36,113.1,21350983
2021-05-24 14:49:40,113.1,21351009
2021-05-24 14:49:43,113.1,21351254
2021-05-24 14:49:46,113.05,21351782
2021-05-24 14:49:49,113.05,21351783
2021-05-24 14:49:52,113.15,21353797
2021-05-24 14:49:55,113.1,21353956
2021-05-24 14:49:59,113.1,21353974
2021-05-24 14:50:02,113.15,21354204
2021-05-24 14:50:05,113.1,21355048
2021-05-24 14:50:08,113.1,21355052
2021-05-24 14:50:11,113.05,21355736
2021-05-24 14:50:14,113.05,21355737
2021-05-24 14:50:17,113.05,21355802
2021-05-24 14:50:20,113.1,21356080
2021-05-24 14:50:23,113.05,21356118
2021-05-24 14:50:26,113.1,21360490
2021-05-24 14:50:29,113.1,21361911
2021-05-24 14:50:33,113.1,21362171
2021-05-24 14:50:36,113.1,21362733
2021-05-24 14:50:39,113.05,21406525
2021-05-24 14:50:42,113.05,21413203
2021-05-24 14:50:45,113.05,21419393
2021-05-24 14:50:48,113.05,21419848
2021-05-24 14:50:55,113.0,21420266
2021-05-24 14:50:58,113.0,21425361
2021-05-24 14:51:01,113.0,21425366
2021-05-24 14:51:04,113.05,21430838
2021-05-24 14:51:07,113.05,21430840
2021-05-24 14:51:11,113.0,21431610
2021-05-24 14:51:14,113.0,21431628
2021-05-24 14:51:16,113.0,21432028
2021-05-24 14:51:20,113.0,21432345
2021-05-24 14:51:23,113.05,21433648
2021-05-24 14:51:27,113.05,21437770
2021-05-24 14:51:30,113.05,21437790
2021-05-24 14:51:33,113.05,21438116
2021-05-24 14:51:37,113.1,21438412
2021-05-24 14:51:40,113.1,21438708
2021-05-24 14:51:42,113.05,21439602
2021-05-24 14:51:45,113.05,21439609
2021-05-24 14:51:49,113.05,21439969
2021-05-24 14:51:52,113.15,21449718
2021-05-24 14:51:55,113.1,21450137
2021-05-24 14:51:58,113.1,21450149
2021-05-24 14:52:01,113.05,21457854
2021-05-24 14:52:05,113.1,21458232
2021-05-24 14:52:08,113.05,21459464
2021-05-24 14:52:11,113.1,21461642
2021-05-24 14:52:14,113.05,21462142
2021-05-24 14:52:18,113.05,21462230
2021-05-24 14:52:21,113.05,21462356
2021-05-24 14:52:28,113.05,21462623
2021-05-24 14:52:31,113.05,21463842
2021-05-24 14:52:35,113.1,21464159
2021-05-24 14:52:38,113.1,21464194
2021-05-24 14:52:41,113.1,21464197
2021-05-24 14:52:45,113.05,21464418
2021-05-24 14:52:49,113.05,21464676
2021-05-24 14:52:53,113.1,21465040
2021-05-24 14:52:56,113.1,21465477
2021-05-24 14:53:00,113.1,21465477
2021-05-24 14:53:03,113.15,21465489
2021-05-24 14:53:06,113.15,21466542
2021-05-24 14:53:10,113.1,21467236
2021-05-24 14:53:13,113.1,21467236
2021-05-24 14:53:16,113.1,21467364
2021-05-24 14:53:19,113.1,21467641
2021-05-24 14:53:22,113.1,21468006
2021-05-24 14:53:29,113.1,21469615
2021-05-24 14:53:32,113.15,21469692
2021-05-24 14:53:34,113.15,21469992
2021-05-24 14:53:37,113.15,21470028
2021-05-24 14:53:40,113.1,21470107
2021-05-24 14:53:42,113.15,21472934
2021-05-24 14:53:45,113.15,21472952
2021-05-24 14:53:49,113.15,21472976
2021-05-24 14:53:52,113.15,21474035
2021-05-24 14:53:55,113.1,21477928
2021-05-24 14:53:58,113.1,21477928
2021-05-24 14:54:01,113.15,21477930
2021-05-24 14:54:04,113.15,21478235
2021-05-24 14:54:07,113.1,21479623
2021-05-24 14:54:10,113.1,21480803
2021-05-24 14:54:14,113.1,21481096
2021-05-24 14:54:17,113.1,21481139
2021-05-24 14:54:20,113.1,21481564
2021-05-24 14:54:22,113.15,21481577
2021-05-24 14:54:26,113.15,21489186
2021-05-24 14:54:29,113.1,21489201
2021-05-24 14:54:33,113.15,21491460
2021-05-24 14:54:35,113.15,21491560
2021-05-24 14:54:38,113.1,21491566
2021-05-24 14:54:41,113.1,21491721
2021-05-24 14:54:44,113.1,21491773
2021-05-24 14:54:48,113.15,21491973
2021-05-24 14:54:51,113.1,21492301
2021-05-24 14:54:54,113.1,21492717
2021-05-24 14:54:57,113.15,21493404
2021-05-24 14:55:00,113.1,21493417
2021-05-24 14:55:03,113.1,21493540
2021-05-24 14:55:05,113.1,21495213
2021-05-24 14:55:08,113.1,21495213
2021-05-24 14:55:11,113.1,21495885
2021-05-24 14:55:14,113.1,21506433
2021-05-24 14:55:18,113.1,21511840
2021-05-24 14:55:22,113.1,21512735
2021-05-24 14:55:26,113.1,21513575
2021-05-24 14:55:30,113.15,21514624
2021-05-24 14:55:33,113.1,21518616
2021-05-24 14:55:37,113.15,21519241
2021-05-24 14:55:40,113.2,21519505
2021-05-24 14:55:43,113.2,21519786
2021-05-24 14:55:46,113.2,21520794
2021-05-24 14:55:49,113.1,21521795
2021-05-24 14:55:52,113.15,21521800
2021-05-24 14:55:57,113.15,21521967
2021-05-24 14:56:00,113.1,21531471
2021-05-24 14:56:04,113.1,21531773
2021-05-24 14:56:07,113.15,21532761
2021-05-24 14:56:10,113.1,21532926
2021-05-24 14:56:14,113.1,21532926
2021-05-24 14:56:17,113.1,21533260
2021-05-24 14:56:19,113.1,21533539
2021-05-24 14:56:22,113.1,21536428
2021-05-24 14:56:26,113.1,21536929
2021-05-24 14:56:29,113.15,21536954
2021-05-24 14:56:32,113.15,21537765
2021-05-24 14:56:35,113.1,21538333
2021-05-24 14:56:38,113.15,21538334
2021-05-24 14:56:42,113.15,21538335
2021-05-24 14:56:45,113.1,21543014
2021-05-24 14:56:48,113.15,21543015
2021-05-24 14:56:51,113.1,21544361
2021-05-24 14:56:54,113.15,21544965
2021-05-24 14:56:57,113.1,21545282
2021-05-24 14:57:01,113.1,21546439
2021-05-24 14:57:09,113.1,21548044
2021-05-24 14:57:11,113.15,21548134
2021-05-24 14:57:15,113.1,21548555
2021-05-24 14:57:18,113.15,21548626
2021-05-24 14:57:21,113.1,21549216
2021-05-24 14:57:25,113.1,21549218
2021-05-24 14:57:28,113.15,21551049
2021-05-24 14:57:32,113.1,21551953
2021-05-24 14:57:35,113.15,21552683
2021-05-24 14:57:38,113.15,21564408
2021-05-24 14:57:45,113.15,21564650
2021-05-24 14:57:48,113.15,21565450
2021-05-24 14:57:51,113.1,21567000
2021-05-24 14:57:55,113.15,21567095
2021-05-24 14:57:58,113.1,21570370
2021-05-24 14:58:01,113.1,21570397
2021-05-24 14:58:05,113.1,21571260
2021-05-24 14:58:09,113.1,21571802
2021-05-24 14:58:12,113.1,21572610
2021-05-24 14:58:16,113.1,21572860
2021-05-24 14:58:19,113.1,21573166
2021-05-24 14:58:21,113.15,21581144
2021-05-24 14:58:25,113.1,21581743
2021-05-24 14:58:28,113.1,21583365
2021-05-24 14:58:32,113.2,21583566
2021-05-24 14:58:35,113.2,21583813
2021-05-24 14:58:38,113.15,21584542
2021-05-24 14:58:42,113.15,21584749
2021-05-24 14:58:45,113.1,21585612
2021-05-24 14:58:48,113.15,21585738
2021-05-24 14:58:51,113.1,21586520
2021-05-24 14:58:54,113.15,21588462
2021-05-24 14:58:58,113.15,21588467
2021-05-24 14:59:01,113.2,21590747
2021-05-24 14:59:04,113.2,21591391
2021-05-24 14:59:07,113.15,21592264
2021-05-24 14:59:10,113.15,21592749
2021-05-24 14:59:13,113.2,21595377
2021-05-24 14:59:16,113.25,21636420
2021-05-24 14:59:19,113.25,21636428
2021-05-24 14:59:22,113.3,21636439
2021-05-24 14:59:25,113.3,21636567
2021-05-24 14:59:29,113.3,21637125
2021-05-24 14:59:32,113.3,21638399
2021-05-24 14:59:35,113.25,21640561
2021-05-24 14:59:38,113.25,21640761
2021-05-24 14:59:41,113.2,21643346
2021-05-24 14:59:44,113.25,21644556
2021-05-24 14:59:48,113.2,21644590
2021-05-24 14:59:51,113.3,21646458
2021-05-24 14:59:55,113.25,21652518
2021-05-24 14:59:58,113.2,21652655
2021-05-24 15:00:02,113.35,21670879
2021-05-24 15:00:05,113.4,21671701
2021-05-24 15:00:08,113.4,21671810
2021-05-24 15:00:12,113.4,21672631
2021-05-24 15:00:15,113.3,21672666
2021-05-24 15:00:18,113.35,21672799
2021-05-24 15:00:21,113.35,21674760
2021-05-24 15:00:24,113.45,21682960
2021-05-24 15:00:27,113.35,21683325
2021-05-24 15:00:34,113.35,21684460
2021-05-24 15:00:37,113.45,21693758
2021-05-24 15:00:41,113.45,21693758
2021-05-24 15:00:44,113.35,21694960
2021-05-24 15:00:48,113.4,21712451
2021-05-24 15:00:52,113.4,21716601
2021-05-24 15:00:56,113.3,21761741
2021-05-24 15:00:59,113.35,21761899
2021-05-24 15:01:02,113.35,21770229
2021-05-24 15:01:06,113.35,21771253
2021-05-24 15:01:09,113.3,21786028
2021-05-24 15:01:13,113.3,21786919
2021-05-24 15:01:16,113.25,21787144
2021-05-24 15:01:19,113.25,21788447
2021-05-24 15:01:22,113.25,21789382
2021-05-24 15:01:26,113.35,21789583
2021-05-24 15:01:30,113.35,21812744
2021-05-24 15:01:34,113.35,21813231
2021-05-24 15:01:39,113.25,21818297
2021-05-24 15:01:43,113.3,21820515
2021-05-24 15:01:46,113.3,21820630
2021-05-24 15:01:50,113.3,21821114
2021-05-24 15:01:53,113.25,21821531
2021-05-24 15:01:57,113.25,21823355
2021-05-24 15:02:04,113.25,21824443
2021-05-24 15:02:08,113.25,21832346
2021-05-24 15:02:11,113.25,21832350
2021-05-24 15:02:15,113.3,21832394
2021-05-24 15:02:18,113.25,21832690
2021-05-24 15:02:21,113.25,21847431
2021-05-24 15:02:26,113.2,21849100
2021-05-24 15:02:29,113.2,21849100
2021-05-24 15:02:32,113.2,21849143
2021-05-24 15:02:36,113.2,21850334
2021-05-24 15:02:39,113.25,21850510
2021-05-24 15:02:43,113.2,21852998
2021-05-24 15:02:46,113.2,21858571
2021-05-24 15:02:49,113.15,21859058
2021-05-24 15:02:52,113.2,21861799
2021-05-24 15:02:56,113.15,21862122
2021-05-24 15:02:59,113.2,21862322
2021-05-24 15:03:02,113.15,21863884
2021-05-24 15:03:05,113.2,21867623
2021-05-24 15:03:09,113.2,21868440
2021-05-24 15:03:13,113.25,21870340
2021-05-24 15:03:16,113.2,21870654
2021-05-24 15:03:20,113.2,21874841
2021-05-24 15:03:23,113.2,21875231
2021-05-24 15:03:26,113.2,21876427
2021-05-24 15:03:30,113.25,21876546
2021-05-24 15:03:33,113.2,21877636
2021-05-24 15:03:36,113.2,21877932
2021-05-24 15:03:40,113.2,21880688
2021-05-24 15:03:43,113.2,21882448
2021-05-24 15:03:47,113.25,21882572
2021-05-24 15:03:51,113.2,21883039
2021-05-24 15:03:54,113.2,21883039
2021-05-24 15:03:58,113.25,21883559
2021-05-24 15:04:01,113.25,21924054
2021-05-24 15:04:05,113.3,21936963
2021-05-24 15:04:09,113.25,21938963
2021-05-24 15:04:13,113.2,21940723
2021-05-24 15:04:17,113.2,21940866
2021-05-24 15:04:21,113.2,21948422
2021-05-24 15:04:25,113.2,21948981
2021-05-24 15:04:29,113.2,21949088
2021-05-24 15:04:32,113.2,21950603
2021-05-24 15:04:36,113.25,21952923
2021-05-24 15:04:39,113.2,21953462
2021-05-24 15:04:42,113.2,21953653
2021-05-24 15:04:46,113.25,21953766
2021-05-24 15:04:49,113.2,21959097
2021-05-24 15:04:53,113.05,22055215
2021-05-24 15:04:56,113.05,22062066
2021-05-24 15:05:01,113.1,22073931
2021-05-24 15:05:05,113.1,22077309
2021-05-24 15:05:09,113.05,22079213
2021-05-24 15:05:13,113.05,22088088
2021-05-24 15:05:17,113.0,22090879
2021-05-24 15:05:20,113.0,22091901
2021-05-24 15:05:25,113.05,22130874
2021-05-24 15:05:29,113.05,22133296
2021-05-24 15:05:33,113.0,22134844
2021-05-24 15:05:37,113.05,22136204
2021-05-24 15:05:40,113.0,22145433
2021-05-24 15:05:44,113.0,22151360
2021-05-24 15:05:48,113.0,22153701
2021-05-24 15:05:53,113.05,22157051
2021-05-24 15:05:56,113.05,22159719
2021-05-24 15:06:01,113.0,22162930
2021-05-24 15:06:05,113.05,22163427
2021-05-24 15:06:09,113.05,22163427
2021-05-24 15:06:13,113.0,22165748
2021-05-24 15:06:16,113.0,22168037
2021-05-24 15:06:20,113.05,22168761
2021-05-24 15:06:24,113.1,22183788
2021-05-24 15:06:28,113.1,22183806
2021-05-24 15:06:32,113.05,22193383
2021-05-24 15:06:36,113.1,22196569
2021-05-24 15:06:40,113.1,22198827
2021-05-24 15:06:44,113.1,22199704
2021-05-24 15:06:52,113.05,22200412
2021-05-24 15:06:56,113.15,22208178
2021-05-24 15:06:59,113.05,22208279
2021-05-24 15:07:03,113.1,22208628
2021-05-24 15:07:06,113.1,22208887
2021-05-24 15:07:09,113.05,22211128
2021-05-24 15:07:13,113.05,22212848
2021-05-24 15:07:16,113.1,22215147
2021-05-24 15:07:20,113.0,22215926
2021-05-24 15:07:24,113.0,22218554
2021-05-24 15:07:27,113.0,22218806
2021-05-24 15:07:31,113.1,22220411
2021-05-24 15:07:35,113.0,22221788
2021-05-24 15:07:39,113.0,22223303
2021-05-24 15:07:43,113.05,22223304
2021-05-24 15:07:47,113.0,22223395
2021-05-24 15:07:50,113.0,22223697
2021-05-24 15:07:54,113.05,22223840
2021-05-24 15:07:57,113.0,22225047
2021-05-24 15:08:01,113.0,22227351
2021-05-24 15:08:04,113.05,22238955
2021-05-24 15:08:07,113.1,22239530
2021-05-24 15:08:11,113.05,22240701
2021-05-24 15:08:14,113.05,22241058
2021-05-24 15:08:18,113.05,22242215
2021-05-24 15:08:22,113.05,22245141
2021-05-24 15:08:26,113.05,22246134
2021-05-24 15:08:29,113.0,22249971
2021-05-24 15:08:33,113.05,22250618
2021-05-24 15:08:37,113.1,22253189
2021-05-24 15:08:42,113.05,22256810
2021-05-24 15:08:46,113.1,22258966
2021-05-24 15:08:49,113.05,22259043
2021-05-24 15:08:54,113.05,22259498
2021-05-24 15:08:58,113.0,22259775
2021-05-24 15:09:02,113.05,22260918
2021-05-24 15:09:05,113.0,22261362
2021-05-24 15:09:09,113.1,22268865
2021-05-24 15:09:13,113.15,22274013
2021-05-24 15:09:17,113.05,22275120
2021-05-24 15:09:20,113.1,22279500
2021-05-24 15:09:24,113.15,22279697
2021-05-24 15:09:28,113.05,22280142
2021-05-24 15:09:31,113.05,22280199
2021-05-24 15:09:35,113.1,22282124
2021-05-24 15:09:39,113.1,22284073
2021-05-24 15:09:43,113.15,22287377
2021-05-24 15:09:46,113.1,22290966
2021-05-24 15:09:50,113.15,22291365
2021-05-24 15:09:54,113.05,22295015
2021-05-24 15:09:57,113.15,22307544
2021-05-24 15:10:01,113.15,22309086
2021-05-24 15:10:05,113.15,22309127
2021-05-24 15:10:09,113.1,22311913
2021-05-24 15:10:12,113.05,22314745
2021-05-24 15:10:16,113.1,22314960
2021-05-24 15:10:19,113.05,22315391
2021-05-24 15:10:23,113.1,22326032
2021-05-24 15:10:26,113.05,22326639
2021-05-24 15:10:30,113.05,22328191
2021-05-24 15:10:33,113.1,22332142
2021-05-24 15:10:37,113.1,22333576
2021-05-24 15:10:41,113.1,22334901
2021-05-24 15:10:44,113.05,22335053
2021-05-24 15:10:48,113.05,22340988
2021-05-24 15:10:51,113.1,22350752
2021-05-24 15:10:54,113.15,22353288
2021-05-24 15:10:58,113.15,22365813
2021-05-24 15:11:02,113.05,22373314
2021-05-24 15:11:05,113.1,22377359
2021-05-24 15:11:09,113.1,22377949
2021-05-24 15:11:13,113.05,22388310
2021-05-24 15:11:16,113.05,22389332
2021-05-24 15:11:20,113.1,22397244
2021-05-24 15:11:24,113.05,22397576
2021-05-24 15:11:28,113.05,22400604
2021-05-24 15:11:32,113.05,22408512
2021-05-24 15:11:36,113.05,22409306
2021-05-24 15:11:39,113.0,22409649
2021-05-24 15:11:42,113.0,22409725
2021-05-24 15:11:46,113.0,22410168
2021-05-24 15:11:50,113.0,22412077
2021-05-24 15:11:53,113.0,22414514
2021-05-24 15:11:57,113.05,22416402
2021-05-24 15:12:01,113.0,22417559
2021-05-24 15:12:04,113.05,22418699
2021-05-24 15:12:08,113.05,22419358
2021-05-24 15:12:11,113.0,22453942
2021-05-24 15:12:15,113.0,22466506
2021-05-24 15:12:19,113.0,22467105
2021-05-24 15:12:23,113.0,22467843
2021-05-24 15:12:26,113.05,22484540
2021-05-24 15:12:30,113.05,22488680
2021-05-24 15:12:33,112.95,22489096
2021-05-24 15:12:37,113.05,22489245
2021-05-24 15:12:40,113.05,22489740
2021-05-24 15:12:44,112.95,22490273
2021-05-24 15:12:48,112.95,22492632
2021-05-24 15:12:51,112.95,22493432
2021-05-24 15:12:55,113.0,22495055
2021-05-24 15:12:58,113.0,22495406
2021-05-24 15:13:03,112.95,22504250
2021-05-24 15:13:06,112.95,22505537
2021-05-24 15:13:10,113.0,22513256
2021-05-24 15:13:14,113.0,22517503
2021-05-24 15:13:18,113.0,22525351
2021-05-24 15:13:22,113.0,22527680
2021-05-24 15:13:25,113.0,22528854
2021-05-24 15:13:29,113.05,22550667
2021-05-24 15:13:32,113.0,22550917
2021-05-24 15:13:36,113.05,22551330
2021-05-24 15:13:40,113.0,22551591
2021-05-24 15:13:43,113.0,22552978
2021-05-24 15:13:47,112.95,22556660
2021-05-24 15:13:51,113.0,22566073
2021-05-24 15:13:54,112.95,22569952
2021-05-24 15:13:57,113.0,22572796
2021-05-24 15:14:01,112.95,22574250
2021-05-24 15:14:05,112.95,22576587
2021-05-24 15:14:08,113.05,22578961
2021-05-24 15:14:12,112.95,22579671
2021-05-24 15:14:16,113.0,22581034
2021-05-24 15:14:19,112.95,22582728
2021-05-24 15:14:23,113.0,22586202
2021-05-24 15:14:27,113.0,22589434
2021-05-24 15:14:31,113.0,22590324
2021-05-24 15:14:35,113.0,22592541
2021-05-24 15:14:39,113.0,22595091
2021-05-24 15:14:42,113.0,22596445
2021-05-24 15:14:46,113.05,22598437
2021-05-24 15:14:50,113.0,22598870
2021-05-24 15:14:53,113.0,22600396
2021-05-24 15:14:57,113.05,22608552
2021-05-24 15:15:01,112.95,22610016
2021-05-24 15:15:05,113.0,22610492
2021-05-24 15:15:09,112.95,22612750
2021-05-24 15:15:13,113.0,22617250
2021-05-24 15:15:17,112.95,22620451
2021-05-24 15:15:21,113.0,22621441
2021-05-24 15:15:25,112.9,22639775
2021-05-24 15:15:30,112.9,22647718
2021-05-24 15:15:34,112.9,22648619
2021-05-24 15:15:38,112.9,22656727
2021-05-24 15:15:42,112.95,22656807
2021-05-24 15:15:46,112.9,22661010
2021-05-24 15:15:50,112.9,22664983
2021-05-24 15:15:55,112.9,22674577
2021-05-24 15:15:59,112.9,22675683
2021-05-24 15:16:03,112.9,22678786
2021-05-24 15:16:07,112.9,22679400
2021-05-24 15:16:11,112.95,22692213
2021-05-24 15:16:15,113.0,22708419
2021-05-24 15:16:20,112.95,22709398
2021-05-24 15:16:24,112.95,22709658
2021-05-24 15:16:27,112.9,22717184
2021-05-24 15:16:32,112.9,22719543
2021-05-24 15:16:36,112.95,22720370
2021-05-24 15:16:40,112.9,22720897
2021-05-24 15:16:44,112.95,22738534
2021-05-24 15:16:48,113.0,22746216
2021-05-24 15:16:52,113.0,22746422
2021-05-24 15:16:57,113.0,22746866
2021-05-24 15:17:01,112.95,22768345
2021-05-24 15:17:05,113.0,22783476
2021-05-24 15:17:09,113.05,22786527
2021-05-24 15:17:14,113.05,22829756
2021-05-24 15:17:18,113.1,22835307
2021-05-24 15:17:22,113.0,22841061
2021-05-24 15:17:26,113.0,22841902
2021-05-24 15:17:30,113.0,22844655
2021-05-24 15:17:34,113.1,22847175
2021-05-24 15:17:38,113.0,22853492
2021-05-24 15:17:42,113.0,22853627
2021-05-24 15:17:46,113.0,22854207
2021-05-24 15:17:50,113.05,22855405
2021-05-24 15:17:54,113.05,22855954
2021-05-24 15:17:58,113.0,22861981
2021-05-24 15:18:02,113.0,22866690
2021-05-24 15:18:06,113.1,22870218
2021-05-24 15:18:10,113.1,22885130
2021-05-24 15:18:14,113.05,22885770
2021-05-24 15:18:18,113.1,22886533
2021-05-24 15:18:22,113.15,22895116
2021-05-24 15:18:26,113.1,22895893
2021-05-24 15:18:30,113.1,22898679
2021-05-24 15:18:34,113.1,22902409
2021-05-24 15:18:39,113.15,22905230
2021-05-24 15:18:43,113.15,22907673
2021-05-24 15:18:47,113.15,22910159
2021-05-24 15:18:51,113.15,22911313
2021-05-24 15:18:54,113.1,22911755
2021-05-24 15:18:59,113.1,22915425
2021-05-24 15:19:03,113.15,22924244
2021-05-24 15:19:07,113.1,22934077
2021-05-24 15:19:11,113.1,22937729
2021-05-24 15:19:19,113.1,22978653
2021-05-24 15:19:23,113.15,22979107
2021-05-24 15:19:27,113.2,22983579
2021-05-24 15:19:31,113.15,22986048
2021-05-24 15:19:35,113.15,22987109
2021-05-24 15:19:40,113.15,22988060
2021-05-24 15:19:45,113.15,22990021
2021-05-24 15:19:49,113.15,22990564
2021-05-24 15:19:56,113.15,22992508
2021-05-24 15:20:00,113.15,23011182
2021-05-24 15:20:05,113.1,23018944
2021-05-24 15:20:10,113.15,23021047
2021-05-24 15:20:15,113.1,23021525
2021-05-24 15:20:20,113.1,23030233
2021-05-24 15:20:24,113.1,23036165
2021-05-24 15:20:29,113.05,23038615
2021-05-24 15:20:33,113.05,23048183
2021-05-24 15:20:37,113.05,23050494
2021-05-24 15:20:42,113.05,23051149
2021-05-24 15:20:47,113.1,23054065
2021-05-24 15:20:52,113.05,23067917
2021-05-24 15:20:57,113.1,23071446
2021-05-24 15:21:02,113.15,23073794
2021-05-24 15:21:06,113.05,23074621
2021-05-24 15:21:11,113.1,23075224
2021-05-24 15:21:16,113.1,23081205
2021-05-24 15:21:21,113.05,23082402
2021-05-24 15:21:25,113.05,23083016
2021-05-24 15:21:30,113.1,23090049
2021-05-24 15:21:35,113.15,23091081
2021-05-24 15:21:39,113.1,23093109
2021-05-24 15:21:44,113.15,23093905
2021-05-24 15:21:49,113.1,23107864
2021-05-24 15:21:54,113.15,23117253
2021-05-24 15:21:58,113.2,23125325
2021-05-24 15:22:04,113.15,23153915
2021-05-24 15:22:08,113.2,23187410
2021-05-24 15:22:13,113.15,23351766
2021-05-24 15:22:17,113.2,23428951
2021-05-24 15:22:21,113.2,23615735
2021-05-24 15:22:26,113.15,23750243
2021-05-24 15:22:30,113.1,23823964
2021-05-24 15:22:34,113.0,23894324
2021-05-24 15:22:38,113.05,23927319
2021-05-24 15:22:43,113.05,23957553
2021-05-24 15:22:47,113.05,23988231
2021-05-24 15:22:52,113.05,24014080
2021-05-24 15:22:56,112.95,24042228
2021-05-24 15:23:01,113.05,24044946
2021-05-24 15:23:05,113.05,24045017
2021-05-24 15:23:10,112.95,24054226
2021-05-24 15:23:15,113.05,24060713
2021-05-24 15:23:20,113.0,24070413
2021-05-24 15:23:25,113.0,24071140
2021-05-24 15:23:30,113.0,24077899
2021-05-24 15:23:35,112.95,24081463
2021-05-24 15:23:40,113.0,24082552
2021-05-24 15:23:46,113.0,24082782
2021-05-24 15:23:51,113.0,24091482
2021-05-24 15:23:55,112.95,24092544
2021-05-24 15:24:00,113.0,24101341
2021-05-24 15:24:05,113.0,24104072
2021-05-24 15:24:10,112.95,24108485
2021-05-24 15:24:15,113.0,24109463
2021-05-24 15:24:20,112.95,24116606
2021-05-24 15:24:25,112.75,24318248
2021-05-24 15:24:30,112.75,24318925
2021-05-24 15:24:35,112.75,24327823
2021-05-24 15:24:40,112.7,24332988
2021-05-24 15:24:44,112.7,24335287
2021-05-24 15:24:49,112.7,24339008
2021-05-24 15:24:54,112.65,24374649
2021-05-24 15:24:59,112.7,24376111
2021-05-24 15:25:04,112.65,24386165
2021-05-24 15:25:08,112.7,24387912
2021-05-24 15:25:13,112.75,24389434
2021-05-24 15:25:18,112.9,24398248
2021-05-24 15:25:23,112.8,24400566
2021-05-24 15:25:28,112.9,24403291
2021-05-24 15:25:32,112.8,24404262
2021-05-24 15:25:37,112.9,24408478
2021-05-24 15:25:42,112.9,24430312
2021-05-24 15:25:46,112.9,24432365
2021-05-24 15:25:51,112.95,24435904
2021-05-24 15:25:55,112.95,24436871
2021-05-24 15:26:00,112.95,24450967
2021-05-24 15:26:04,112.9,24459236
2021-05-24 15:26:09,112.95,24465582
2021-05-24 15:26:14,113.0,24467729
2021-05-24 15:26:19,113.0,24469039
2021-05-24 15:26:24,113.0,24469432
2021-05-24 15:26:29,113.0,24479226
2021-05-24 15:26:34,113.0,24479537
2021-05-24 15:26:38,113.0,24484574
2021-05-24 15:26:43,113.0,24490510
2021-05-24 15:26:48,113.0,24490740
2021-05-24 15:26:53,112.95,24494653
2021-05-24 15:26:58,113.0,24495574
2021-05-24 15:27:03,113.0,24512596
2021-05-24 15:27:08,113.0,24519237
2021-05-24 15:27:13,113.05,24522918
2021-05-24 15:27:18,113.05,24524409
2021-05-24 15:27:28,113.1,24528198
2021-05-24 15:27:33,113.05,24531086
2021-05-24 15:27:39,113.0,24533759
2021-05-24 15:27:44,113.0,24534719
2021-05-24 15:27:48,113.05,24535372
2021-05-24 15:27:53,113.05,24536089
2021-05-24 15:27:57,113.05,24540248
2021-05-24 15:28:02,113.05,24542343
2021-05-24 15:28:06,113.05,24559343
2021-05-24 15:28:11,113.05,24562639
2021-05-24 15:28:16,113.0,24566136
2021-05-24 15:28:21,113.0,24604443
2021-05-24 15:28:25,113.0,24606839
2021-05-24 15:28:29,113.0,24608075
2021-05-24 15:28:34,112.95,24615093
2021-05-24 15:28:38,113.0,24615438
2021-05-24 15:28:43,112.95,24620276
2021-05-24 15:28:47,113.0,24635038
2021-05-24 15:28:52,112.95,24637759
2021-05-24 15:28:56,113.0,24640063
2021-05-24 15:29:00,113.0,24640085
2021-05-24 15:29:05,112.95,24640600
2021-05-24 15:29:09,112.95,24645510
2021-05-24 15:29:14,113.0,24646294
2021-05-24 15:29:19,113.0,24656769
2021-05-24 15:29:24,112.9,24697762
2021-05-24 15:29:28,113.0,24699592
2021-05-24 15:29:33,113.0,24700100
2021-05-24 15:29:37,112.95,24751661
2021-05-24 15:29:41,112.95,24753886
2021-05-24 15:29:46,113.0,24755702
2021-05-24 15:29:50,113.0,24762420
2021-05-24 15:29:55,112.95,24765650
2021-05-24 15:29:59,113.0,24767973
2021-05-24 15:30:02,112.95,24768080
2021-05-24 15:30:59,113.05,24768080
2021-05-24 15:33:25,113.05,24768080
2021-05-24 15:40:03,113.05,24768080
2021-05-24 15:40:08,113.05,24768481
2021-05-24 15:40:10,113.05,24768631
2021-05-24 15:40:12,113.05,24768631
2021-05-24 15:40:16,113.05,24768631
2021-05-24 15:40:17,113.05,24768631
2021-05-24 15:40:18,113.05,24768631
2021-05-24 15:40:20,113.05,24768631
2021-05-24 15:40:26,113.05,24768631
2021-05-24 15:40:28,113.05,24768656
2021-05-24 15:40:30,113.05,24768656
2021-05-24 15:40:34,113.05,24771088
2021-05-24 15:40:41,113.05,24771088
2021-05-24 15:40:44,113.05,24772088
2021-05-24 15:40:53,113.05,24772088
2021-05-24 15:40:54,113.05,24772088
2021-05-24 15:40:55,113.05,24772088
2021-05-24 15:40:56,113.05,24772088
2021-05-24 15:40:57,113.05,24772088
2021-05-24 15:41:01,113.05,24772088
2021-05-24 15:41:06,113.05,24772088
2021-05-24 15:41:11,113.05,24772090
2021-05-24 15:41:15,113.05,24772097
2021-05-24 15:41:17,113.05,24772097
2021-05-24 15:41:23,113.05,24772097
2021-05-24 15:41:24,113.05,24772097
2021-05-24 15:41:30,113.05,24772097
2021-05-24 15:41:39,113.05,24772097
2021-05-24 15:41:39,113.05,24772097
2021-05-24 15:41:40,113.05,24772097
2021-05-24 15:41:41,113.05,24772097
2021-05-24 15:41:42,113.05,24772097
2021-05-24 15:41:44,113.05,24772097
2021-05-24 15:41:47,113.05,24772097
2021-05-24 15:41:48,113.05,24772097
2021-05-24 15:41:52,113.05,24772097
2021-05-24 15:41:57,113.05,24772127
2021-05-24 15:42:03,113.05,24772127
2021-05-24 15:42:05,113.05,24772127
2021-05-24 15:42:09,113.05,24772128
2021-05-24 15:42:08,113.05,24772128
2021-05-24 15:42:14,113.05,24772128
2021-05-24 15:42:15,113.05,24772128
2021-05-24 15:42:26,113.05,24772128
2021-05-24 15:42:34,113.05,24772128
2021-05-24 15:42:42,113.05,24772128
2021-05-24 15:42:44,113.05,24772128
2021-05-24 15:42:46,113.05,24772128
2021-05-24 15:42:54,113.05,24772128
2021-05-24 15:42:55,113.05,24772164
2021-05-24 15:42:59,113.05,24772164
2021-05-24 15:43:08,113.05,24772164
2021-05-24 15:43:20,113.05,24772164
2021-05-24 15:43:27,113.05,24772164
2021-05-24 15:43:28,113.05,24772164
2021-05-24 15:43:35,113.05,24772164
2021-05-24 15:43:47,113.05,24772164
2021-05-24 15:43:58,113.05,24772164
2021-05-24 15:44:05,113.05,24772164
2021-05-24 15:44:23,113.05,24772169
2021-05-24 15:44:38,113.05,24772174
2021-05-24 15:44:44,113.05,24772174
2021-05-24 15:44:57,113.05,24772174
2021-05-24 15:45:05,113.05,24772174
2021-05-24 15:45:06,113.05,24772174
2021-05-24 15:45:16,113.05,24772174
2021-05-24 15:45:27,113.05,24772174
2021-05-24 15:45:29,113.05,24772174
2021-05-24 15:45:32,113.05,24772174
2021-05-24 15:45:38,113.05,24772174
2021-05-24 15:45:56,113.05,24772174
2021-05-24 15:45:58,113.05,24772174
2021-05-24 15:46:02,113.05,24773174
2021-05-24 15:46:04,113.05,24773174
2021-05-24 15:46:11,113.05,24773220
2021-05-24 15:46:14,113.05,24773250
2021-05-24 15:46:21,113.05,24773262
2021-05-24 15:46:33,113.05,24773262
2021-05-24 15:46:36,113.05,24773263
2021-05-24 15:46:41,113.05,24773278
2021-05-24 15:46:52,113.05,24773281
2021-05-24 15:47:06,113.05,24773281
2021-05-24 15:47:12,113.05,24773281
2021-05-24 15:47:14,113.05,24773281
2021-05-24 15:47:15,113.05,24773281
2021-05-24 15:47:15,113.05,24773281
2021-05-24 15:47:20,113.05,24773281
2021-05-24 15:47:24,113.05,24773296
2021-05-24 15:47:32,113.05,24773296
2021-05-24 15:47:38,113.05,24773296
2021-05-24 15:47:40,113.05,24773297
2021-05-24 15:47:50,113.05,24773297
2021-05-24 15:47:57,113.05,24773397
2021-05-24 15:48:02,113.05,24773397
2021-05-24 15:48:06,113.05,24773397
2021-05-24 15:48:19,113.05,24773397
2021-05-24 15:48:24,113.05,24773397
2021-05-24 15:48:33,113.05,24773398
2021-05-24 15:48:42,113.05,24773398
2021-05-24 15:48:50,113.05,24773398
2021-05-24 15:48:53,113.05,24773398
2021-05-24 15:49:05,113.05,24773398
2021-05-24 15:49:08,113.05,24773398
2021-05-24 15:49:10,113.05,24773398
2021-05-24 15:49:18,113.05,24773398
2021-05-24 15:49:19,113.05,24773398
2021-05-24 15:49:27,113.05,24773398
2021-05-24 15:49:38,113.05,24773398
2021-05-24 15:49:39,113.05,24773398
2021-05-24 15:49:40,113.05,24773398
2021-05-24 15:49:53,113.05,24773398
2021-05-24 15:49:56,113.05,24773398
2021-05-24 15:49:57,113.05,24773398
2021-05-24 15:50:09,113.05,24773408
2021-05-24 15:50:13,113.05,24773408
2021-05-24 15:50:17,113.05,24773408
2021-05-24 15:50:34,113.05,24773408
2021-05-24 15:50:36,113.05,24773409
2021-05-24 15:50:46,113.05,24773409
2021-05-24 15:51:04,113.05,24773409
2021-05-24 15:51:04,113.05,24773409
2021-05-24 15:51:08,113.05,24773409
2021-05-24 15:51:09,113.05,24773409
2021-05-24 15:51:14,113.05,24773409
2021-05-24 15:51:15,113.05,24773409
2021-05-24 15:51:16,113.05,24773409
2021-05-24 15:51:18,113.05,24773409
2021-05-24 15:51:19,113.05,24773409
2021-05-24 15:51:28,113.05,24773409
2021-05-24 15:51:55,113.05,24773418
2021-05-24 15:51:59,113.05,24773418
2021-05-24 15:51:59,113.05,24773418
2021-05-24 15:52:00,113.05,24774418
2021-05-24 15:52:01,113.05,24774418
2021-05-24 15:52:20,113.05,24780418
2021-05-24 15:52:52,113.05,24780418
2021-05-24 15:52:59,113.05,24780418
2021-05-24 15:53:04,113.05,24780418
2021-05-24 15:53:06,113.05,24780418
